field,q,n,k,rho,domain,has_open_band,J,r_E,cap,UD,e,delta,delta_minus_J,delta_minus_rE,delta_minus_cap,max_list,max_family,johnson_const_bound,elias_volume_exp,elias_volume_pred
GF(11),11,10,2,0.2,smooth,False,0.5528,0.5993,0.8,0.45,3,0.3,-0.252786,-0.299265,-0.5,1,nearcw,9.89,-0.25717,0.0021
GF(11),11,10,2,0.2,smooth,False,0.5528,0.5993,0.8,0.45,4,0.4,-0.152786,-0.199265,-0.4,1,nearcw,16.363,-0.13523,0.0391
GF(11),11,10,2,0.2,smooth,False,0.5528,0.5993,0.8,0.45,5,0.5,-0.052786,-0.099265,-0.3,2,kambire,47.361,-0.03081,0.4777
GF(11),11,10,2,0.2,smooth,False,0.5528,0.5993,0.8,0.45,6,0.6,0.047214,0.000735,-0.2,3,nearcw,,0.05682,3.9058
GF(11),11,10,2,0.2,smooth,False,0.5528,0.5993,0.8,0.45,7,0.7,0.147214,0.100735,-0.1,10,deephole,,0.12693,20.9801
GF(11),11,10,2,0.2,smooth,False,0.5528,0.5993,0.8,0.45,8,0.8,0.247214,0.200735,0.0,45,deephole,,0.17689,69.515
GF(11),11,10,2,0.2,smooth,False,0.5528,0.5993,0.8,0.45,9,0.9,0.347214,0.300735,0.1,83,nearcw,,0.1998,120.4137
GF(11),11,10,2,0.2,random_domain,False,0.5528,0.5993,0.8,0.45,3,0.3,-0.252786,-0.299265,-0.5,1,nearcw,9.89,-0.25717,0.0021
GF(11),11,10,2,0.2,random_domain,False,0.5528,0.5993,0.8,0.45,4,0.4,-0.152786,-0.199265,-0.4,1,nearcw,16.363,-0.13523,0.0391
GF(11),11,10,2,0.2,random_domain,False,0.5528,0.5993,0.8,0.45,5,0.5,-0.052786,-0.099265,-0.3,2,kambire,47.361,-0.03081,0.4777
GF(11),11,10,2,0.2,random_domain,False,0.5528,0.5993,0.8,0.45,6,0.6,0.047214,0.000735,-0.2,4,random,,0.05682,3.9058
GF(11),11,10,2,0.2,random_domain,False,0.5528,0.5993,0.8,0.45,7,0.7,0.147214,0.100735,-0.1,10,deephole,,0.12693,20.9801
GF(11),11,10,2,0.2,random_domain,False,0.5528,0.5993,0.8,0.45,8,0.8,0.247214,0.200735,0.0,45,deephole,,0.17689,69.515
GF(11),11,10,2,0.2,random_domain,False,0.5528,0.5993,0.8,0.45,9,0.9,0.347214,0.300735,0.1,83,nearcw,,0.1998,120.4137
GF(7),7,6,3,0.5,smooth,False,0.2929,0.1834,0.5,0.3333,1,0.166667,-0.126227,-0.016735,-0.333333,1,nearcw,7.922,-0.11499,0.2612
GF(7),7,6,3,0.5,smooth,False,0.2929,0.1834,0.5,0.3333,2,0.333333,0.04044,0.149932,-0.166667,3,deephole,,0.13403,4.7821
GF(7),7,6,3,0.5,smooth,False,0.2929,0.1834,0.5,0.3333,3,0.5,0.207107,0.316598,0.0,20,deephole,,0.3166,40.3032
GF(7),7,6,3,0.5,smooth,False,0.2929,0.1834,0.5,0.3333,4,0.666667,0.373773,0.483265,0.166667,76,nearcw,,0.44096,172.1545
GF(7),7,6,3,0.5,smooth,False,0.2929,0.1834,0.5,0.3333,5,0.833333,0.54044,0.649932,0.333333,209,deephole,,0.49886,338.4696
GF(7),7,6,3,0.5,random_domain,False,0.2929,0.1834,0.5,0.3333,1,0.166667,-0.126227,-0.016735,-0.333333,1,nearcw,7.922,-0.11499,0.2612
GF(7),7,6,3,0.5,random_domain,False,0.2929,0.1834,0.5,0.3333,2,0.333333,0.04044,0.149932,-0.166667,3,deephole,,0.13403,4.7821
GF(7),7,6,3,0.5,random_domain,False,0.2929,0.1834,0.5,0.3333,3,0.5,0.207107,0.316598,0.0,20,deephole,,0.3166,40.3032
GF(7),7,6,3,0.5,random_domain,False,0.2929,0.1834,0.5,0.3333,4,0.666667,0.373773,0.483265,0.166667,91,nearcw,,0.44096,172.1545
GF(7),7,6,3,0.5,random_domain,False,0.2929,0.1834,0.5,0.3333,5,0.833333,0.54044,0.649932,0.333333,209,deephole,,0.49886,338.4696
GF(2^4),16,15,2,0.1333,smooth,False,0.6349,0.7281,0.8667,0.4667,6,0.4,-0.234852,-0.328143,-0.466667,1,nearcw,15.968,-0.23324,0.0001
GF(2^4),16,15,2,0.1333,smooth,False,0.6349,0.7281,0.8667,0.4667,7,0.466667,-0.168185,-0.261476,-0.4,2,maxcluster,22.297,-0.16166,0.0012
GF(2^4),16,15,2,0.1333,smooth,False,0.6349,0.7281,0.8667,0.4667,8,0.533333,-0.101518,-0.19481,-0.333333,2,maxcluster,36.939,-0.09655,0.018
GF(2^4),16,15,2,0.1333,smooth,False,0.6349,0.7281,0.8667,0.4667,9,0.6,-0.034852,-0.128143,-0.266667,2,maxcluster,107.599,-0.0379,0.2068
GF(2^4),16,15,2,0.1333,smooth,False,0.6349,0.7281,0.8667,0.4667,10,0.666667,0.031815,-0.061476,-0.2,2,nearcw,,0.01406,1.7942
GF(2^4),16,15,2,0.1333,smooth,False,0.6349,0.7281,0.8667,0.4667,11,0.733333,0.098482,0.00519,-0.133333,15,deephole,,0.05876,11.5147
GF(2^4),16,15,2,0.1333,smooth,False,0.6349,0.7281,0.8667,0.4667,12,0.8,0.165148,0.071857,-0.066667,35,deephole,,0.09519,52.4041
GF(2^4),16,15,2,0.1333,smooth,False,0.6349,0.7281,0.8667,0.4667,13,0.866667,0.231815,0.138524,0.0,105,deephole,,0.12145,156.1967
GF(2^4),16,15,2,0.1333,smooth,False,0.6349,0.7281,0.8667,0.4667,14,0.933333,0.298482,0.20519,0.066667,186,nearcw,,0.13328,255.4431
GF(2^4),16,15,2,0.1333,random_domain,False,0.6349,0.7281,0.8667,0.4667,6,0.4,-0.234852,-0.328143,-0.466667,1,nearcw,15.968,-0.23324,0.0001
GF(2^4),16,15,2,0.1333,random_domain,False,0.6349,0.7281,0.8667,0.4667,7,0.466667,-0.168185,-0.261476,-0.4,2,maxcluster,22.297,-0.16166,0.0012
GF(2^4),16,15,2,0.1333,random_domain,False,0.6349,0.7281,0.8667,0.4667,8,0.533333,-0.101518,-0.19481,-0.333333,2,maxcluster,36.939,-0.09655,0.018
GF(2^4),16,15,2,0.1333,random_domain,False,0.6349,0.7281,0.8667,0.4667,9,0.6,-0.034852,-0.128143,-0.266667,2,maxcluster,107.599,-0.0379,0.2068
GF(2^4),16,15,2,0.1333,random_domain,False,0.6349,0.7281,0.8667,0.4667,10,0.666667,0.031815,-0.061476,-0.2,3,random,,0.01406,1.7942
GF(2^4),16,15,2,0.1333,random_domain,False,0.6349,0.7281,0.8667,0.4667,11,0.733333,0.098482,0.00519,-0.133333,15,deephole,,0.05876,11.5147
GF(2^4),16,15,2,0.1333,random_domain,False,0.6349,0.7281,0.8667,0.4667,12,0.8,0.165148,0.071857,-0.066667,35,deephole,,0.09519,52.4041
GF(2^4),16,15,2,0.1333,random_domain,False,0.6349,0.7281,0.8667,0.4667,13,0.866667,0.231815,0.138524,0.0,105,deephole,,0.12145,156.1967
GF(2^4),16,15,2,0.1333,random_domain,False,0.6349,0.7281,0.8667,0.4667,14,0.933333,0.298482,0.20519,0.066667,186,nearcw,,0.13328,255.4431
GF(31),31,10,2,0.2,smooth,False,0.5528,0.6562,0.8,0.45,3,0.3,-0.252786,-0.356189,-0.5,1,nearcw,9.89,-0.32498,0.0
GF(31),31,10,2,0.2,smooth,False,0.5528,0.6562,0.8,0.45,4,0.4,-0.152786,-0.256189,-0.4,1,nearcw,16.363,-0.20783,0.0008
GF(31),31,10,2,0.2,smooth,False,0.5528,0.6562,0.8,0.45,5,0.5,-0.052786,-0.156189,-0.3,2,kambire,47.361,-0.10293,0.0292
GF(31),31,10,2,0.2,smooth,False,0.5528,0.6562,0.8,0.45,6,0.6,0.047214,-0.056189,-0.2,2,kambire,,-0.00974,0.7156
GF(31),31,10,2,0.2,smooth,False,0.5528,0.6562,0.8,0.45,7,0.7,0.147214,0.043811,-0.1,7,random,,0.0712,11.532
GF(31),31,10,2,0.2,smooth,False,0.5528,0.6562,0.8,0.45,8,0.8,0.247214,0.143811,0.0,45,deephole,,0.13808,114.6296
GF(31),31,10,2,0.2,smooth,False,0.5528,0.6562,0.8,0.45,9,0.9,0.347214,0.243811,0.1,282,nearcw,,0.18607,595.6829
GF(31),31,10,2,0.2,random_domain,False,0.5528,0.6562,0.8,0.45,3,0.3,-0.252786,-0.356189,-0.5,1,nearcw,9.89,-0.32498,0.0
GF(31),31,10,2,0.2,random_domain,False,0.5528,0.6562,0.8,0.45,4,0.4,-0.152786,-0.256189,-0.4,1,nearcw,16.363,-0.20783,0.0008
GF(31),31,10,2,0.2,random_domain,False,0.5528,0.6562,0.8,0.45,5,0.5,-0.052786,-0.156189,-0.3,2,maxcluster,47.361,-0.10293,0.0292
GF(31),31,10,2,0.2,random_domain,False,0.5528,0.6562,0.8,0.45,6,0.6,0.047214,-0.056189,-0.2,2,nearcw,,-0.00974,0.7156
GF(31),31,10,2,0.2,random_domain,False,0.5528,0.6562,0.8,0.45,7,0.7,0.147214,0.043811,-0.1,7,nearcw,,0.0712,11.532
GF(31),31,10,2,0.2,random_domain,False,0.5528,0.6562,0.8,0.45,8,0.8,0.247214,0.143811,0.0,45,deephole,,0.13808,114.6296
GF(31),31,10,2,0.2,random_domain,False,0.5528,0.6562,0.8,0.45,9,0.9,0.347214,0.243811,0.1,281,nearcw,,0.18607,595.6829
GF(13),13,6,3,0.5,smooth,False,0.2929,0.2454,0.5,0.3333,1,0.166667,-0.126227,-0.078698,-0.333333,1,nearcw,7.922,-0.16287,0.0815
GF(13),13,6,3,0.5,smooth,False,0.2929,0.2454,0.5,0.3333,2,0.333333,0.04044,0.087968,-0.166667,3,deephole,,0.07109,2.9863
GF(13),13,6,3,0.5,smooth,False,0.2929,0.2454,0.5,0.3333,3,0.5,0.207107,0.254635,0.0,20,deephole,,0.25463,50.3377
GF(13),13,6,3,0.5,smooth,False,0.2929,0.2454,0.5,0.3333,4,0.666667,0.373773,0.421302,0.166667,166,nearcw,,0.39402,430.0337
GF(13),13,6,3,0.5,smooth,False,0.2929,0.2454,0.5,0.3333,5,0.833333,0.54044,0.587968,0.333333,839,deephole,,0.48299,1690.9612
GF(13),13,6,3,0.5,random_domain,False,0.2929,0.2454,0.5,0.3333,1,0.166667,-0.126227,-0.078698,-0.333333,1,nearcw,7.922,-0.16287,0.0815
GF(13),13,6,3,0.5,random_domain,False,0.2929,0.2454,0.5,0.3333,2,0.333333,0.04044,0.087968,-0.166667,3,random,,0.07109,2.9863
GF(13),13,6,3,0.5,random_domain,False,0.2929,0.2454,0.5,0.3333,3,0.5,0.207107,0.254635,0.0,20,deephole,,0.25463,50.3377
GF(13),13,6,3,0.5,random_domain,False,0.2929,0.2454,0.5,0.3333,4,0.666667,0.373773,0.421302,0.166667,166,nearcw,,0.39402,430.0337
GF(13),13,6,3,0.5,random_domain,False,0.2929,0.2454,0.5,0.3333,5,0.833333,0.54044,0.587968,0.333333,839,deephole,,0.48299,1690.9612
GF(13),13,12,3,0.25,smooth,False,0.5,0.5386,0.75,0.4167,4,0.333333,-0.166667,-0.20523,-0.416667,1,kambire,12.0,-0.17891,0.0041
GF(13),13,12,3,0.25,smooth,False,0.5,0.5386,0.75,0.4167,5,0.416667,-0.083333,-0.121897,-0.333333,2,maxcluster,24.0,-0.08154,0.0813
GF(13),13,12,3,0.25,smooth,False,0.5,0.5386,0.75,0.4167,6,0.5,0.0,-0.038563,-0.25,2,kambire,,0.00463,1.1533
GF(13),13,12,3,0.25,smooth,False,0.5,0.5386,0.75,0.4167,7,0.583333,0.083333,0.04477,-0.166667,6,nearcw,,0.07993,11.7062
GF(13),13,12,3,0.25,smooth,False,0.5,0.5386,0.75,0.4167,8,0.666667,0.166667,0.128103,-0.083333,39,deephole,,0.14402,84.1734
GF(13),13,12,3,0.25,smooth,False,0.5,0.5386,0.75,0.4167,9,0.75,0.25,0.211437,0.0,220,deephole,,0.19583,414.734
GF(13),13,12,3,0.25,smooth,False,0.5,0.5386,0.75,0.4167,10,0.833333,0.333333,0.29477,0.083333,793,kambire,,0.23299,1301.4793
GF(13),13,12,3,0.25,smooth,False,0.5,0.5386,0.75,0.4167,11,0.916667,0.416667,0.378103,0.166667,1390,deephole,,0.24989,2189.5706
GF(13),13,12,3,0.25,random_domain,False,0.5,0.5386,0.75,0.4167,4,0.333333,-0.166667,-0.20523,-0.416667,1,kambire,12.0,-0.17891,0.0041
GF(13),13,12,3,0.25,random_domain,False,0.5,0.5386,0.75,0.4167,5,0.416667,-0.083333,-0.121897,-0.333333,2,maxcluster,24.0,-0.08154,0.0813
GF(13),13,12,3,0.25,random_domain,False,0.5,0.5386,0.75,0.4167,6,0.5,0.0,-0.038563,-0.25,2,kambire,,0.00463,1.1533
GF(13),13,12,3,0.25,random_domain,False,0.5,0.5386,0.75,0.4167,7,0.583333,0.083333,0.04477,-0.166667,6,nearcw,,0.07993,11.7062
GF(13),13,12,3,0.25,random_domain,False,0.5,0.5386,0.75,0.4167,8,0.666667,0.166667,0.128103,-0.083333,39,deephole,,0.14402,84.1734
GF(13),13,12,3,0.25,random_domain,False,0.5,0.5386,0.75,0.4167,9,0.75,0.25,0.211437,0.0,220,deephole,,0.19583,414.734
GF(13),13,12,3,0.25,random_domain,False,0.5,0.5386,0.75,0.4167,10,0.833333,0.333333,0.29477,0.083333,793,kambire,,0.23299,1301.4793
GF(13),13,12,3,0.25,random_domain,False,0.5,0.5386,0.75,0.4167,11,0.916667,0.416667,0.378103,0.166667,1390,deephole,,0.24989,2189.5706
GF(2^6),64,7,2,0.2857,smooth,False,0.4655,0.5715,0.7143,0.4286,2,0.285714,-0.179763,-0.2858,-0.428571,1,nearcw,9.735,-0.2858,0.0002
GF(2^6),64,7,2,0.2857,smooth,False,0.4655,0.5715,0.7143,0.4286,3,0.428571,-0.036906,-0.142943,-0.285714,2,maxcluster,47.418,-0.12313,0.0277
GF(2^6),64,7,2,0.2857,smooth,False,0.4655,0.5715,0.7143,0.4286,4,0.571429,0.105951,-8.6e-05,-0.142857,7,deephole,,0.01918,1.748
GF(2^6),64,7,2,0.2857,smooth,False,0.4655,0.5715,0.7143,0.4286,5,0.714286,0.248808,0.142772,0.0,21,deephole,,0.14115,60.8947
GF(2^6),64,7,2,0.2857,smooth,False,0.4655,0.5715,0.7143,0.4286,6,0.857143,0.391665,0.285629,0.142857,434,deephole,,0.23822,1027.8322
GF(2^6),64,7,2,0.2857,random_domain,False,0.4655,0.5715,0.7143,0.4286,2,0.285714,-0.179763,-0.2858,-0.428571,1,nearcw,9.735,-0.2858,0.0002
GF(2^6),64,7,2,0.2857,random_domain,False,0.4655,0.5715,0.7143,0.4286,3,0.428571,-0.036906,-0.142943,-0.285714,1,kambire,47.418,-0.12313,0.0277
GF(2^6),64,7,2,0.2857,random_domain,False,0.4655,0.5715,0.7143,0.4286,4,0.571429,0.105951,-8.6e-05,-0.142857,3,nearcw,,0.01918,1.748
GF(2^6),64,7,2,0.2857,random_domain,False,0.4655,0.5715,0.7143,0.4286,5,0.714286,0.248808,0.142772,0.0,21,deephole,,0.14115,60.8947
GF(2^6),64,7,2,0.2857,random_domain,False,0.4655,0.5715,0.7143,0.4286,6,0.857143,0.391665,0.285629,0.142857,434,nearcw,,0.23822,1027.8322
GF(2^6),64,9,2,0.2222,smooth,False,0.5286,0.6513,0.7778,0.4444,3,0.333333,-0.195262,-0.317919,-0.444444,1,nearcw,11.523,-0.29266,0.0
GF(2^6),64,9,2,0.2222,smooth,False,0.5286,0.6513,0.7778,0.4444,4,0.444444,-0.084151,-0.206807,-0.333333,1,nearcw,26.738,-0.16984,0.0017
GF(2^6),64,9,2,0.2222,smooth,False,0.5286,0.6513,0.7778,0.4444,5,0.555556,0.02696,-0.095696,-0.222222,2,maxcluster,,-0.05915,0.1093
GF(2^6),64,9,2,0.2222,smooth,False,0.5286,0.6513,0.7778,0.4444,6,0.666667,0.138071,0.015415,-0.111111,4,nearcw,,0.03941,4.3721
GF(2^6),64,9,2,0.2222,smooth,False,0.5286,0.6513,0.7778,0.4444,7,0.777778,0.249182,0.126526,0.0,36,deephole,,0.12442,105.332
GF(2^6),64,9,2,0.2222,smooth,False,0.5286,0.6513,0.7778,0.4444,8,0.888889,0.360293,0.237637,0.111111,551,nearcw,,0.19162,1302.9485
GF(2^6),64,9,2,0.2222,random_domain,False,0.5286,0.6513,0.7778,0.4444,3,0.333333,-0.195262,-0.317919,-0.444444,1,nearcw,11.523,-0.29266,0.0
GF(2^6),64,9,2,0.2222,random_domain,False,0.5286,0.6513,0.7778,0.4444,4,0.444444,-0.084151,-0.206807,-0.333333,2,maxcluster,26.738,-0.16984,0.0017
GF(2^6),64,9,2,0.2222,random_domain,False,0.5286,0.6513,0.7778,0.4444,5,0.555556,0.02696,-0.095696,-0.222222,2,maxcluster,,-0.05915,0.1093
GF(2^6),64,9,2,0.2222,random_domain,False,0.5286,0.6513,0.7778,0.4444,6,0.666667,0.138071,0.015415,-0.111111,5,kambire,,0.03941,4.3721
GF(2^6),64,9,2,0.2222,random_domain,False,0.5286,0.6513,0.7778,0.4444,7,0.777778,0.249182,0.126526,0.0,36,deephole,,0.12442,105.332
GF(2^6),64,9,2,0.2222,random_domain,False,0.5286,0.6513,0.7778,0.4444,8,0.888889,0.360293,0.237637,0.111111,552,nearcw,,0.19162,1302.9485
GF(37),37,12,3,0.25,smooth,False,0.5,0.5962,0.75,0.4167,4,0.333333,-0.166667,-0.262832,-0.416667,1,kambire,12.0,-0.24292,0.0
GF(37),37,12,3,0.25,smooth,False,0.5,0.5962,0.75,0.4167,5,0.416667,-0.083333,-0.179498,-0.333333,1,kambire,24.0,-0.1484,0.0016
GF(37),37,12,3,0.25,smooth,False,0.5,0.5962,0.75,0.4167,6,0.5,0.0,-0.096165,-0.25,2,kambire,,-0.06184,0.0686
GF(37),37,12,3,0.25,smooth,False,0.5,0.5962,0.75,0.4167,7,0.583333,0.083333,-0.012832,-0.166667,3,nearcw,,0.017,2.089
GF(37),37,12,3,0.25,smooth,False,0.5,0.5962,0.75,0.4167,8,0.666667,0.166667,0.070502,-0.083333,38,kambire,,0.08788,45.0629
GF(37),37,12,3,0.25,smooth,False,0.5,0.5962,0.75,0.4167,9,0.75,0.25,0.153835,0.0,220,deephole,,0.15004,666.0941
GF(37),37,12,3,0.25,smooth,False,0.5,0.5962,0.75,0.4167,10,0.833333,0.333333,0.237168,0.083333,2377,kambire,,0.20179,6270.8217
GF(37),37,12,3,0.25,smooth,False,0.5,0.5962,0.75,0.4167,11,0.916667,0.416667,0.320502,0.166667,14206,deephole,,0.23915,31649.5404
GF(37),37,12,3,0.25,random_domain,False,0.5,0.5962,0.75,0.4167,4,0.333333,-0.166667,-0.262832,-0.416667,1,nearcw,12.0,-0.24292,0.0
GF(37),37,12,3,0.25,random_domain,False,0.5,0.5962,0.75,0.4167,5,0.416667,-0.083333,-0.179498,-0.333333,1,nearcw,24.0,-0.1484,0.0016
GF(37),37,12,3,0.25,random_domain,False,0.5,0.5962,0.75,0.4167,6,0.5,0.0,-0.096165,-0.25,2,maxcluster,,-0.06184,0.0686
GF(37),37,12,3,0.25,random_domain,False,0.5,0.5962,0.75,0.4167,7,0.583333,0.083333,-0.012832,-0.166667,4,random,,0.017,2.089
GF(37),37,12,3,0.25,random_domain,False,0.5,0.5962,0.75,0.4167,8,0.666667,0.166667,0.070502,-0.083333,17,random,,0.08788,45.0629
GF(37),37,12,3,0.25,random_domain,False,0.5,0.5962,0.75,0.4167,9,0.75,0.25,0.153835,0.0,220,deephole,,0.15004,666.0941
GF(37),37,12,3,0.25,random_domain,False,0.5,0.5962,0.75,0.4167,10,0.833333,0.333333,0.237168,0.083333,2107,nearcw,,0.20179,6270.8217
GF(37),37,12,3,0.25,random_domain,False,0.5,0.5962,0.75,0.4167,11,0.916667,0.416667,0.320502,0.166667,14206,deephole,,0.23915,31649.5404
GF(2^4),16,15,4,0.2667,smooth,False,0.4836,0.5304,0.7333,0.4,5,0.333333,-0.150269,-0.197047,-0.4,1,nearcw,12.478,-0.17819,0.0006
GF(2^4),16,15,4,0.2667,smooth,False,0.4836,0.5304,0.7333,0.4,6,0.4,-0.083602,-0.13038,-0.333333,1,nearcw,22.428,-0.09991,0.0157
GF(2^4),16,15,4,0.2667,smooth,False,0.4836,0.5304,0.7333,0.4,7,0.466667,-0.016936,-0.063714,-0.266667,2,maxcluster,110.714,-0.02833,0.3078
GF(2^4),16,15,4,0.2667,smooth,False,0.4836,0.5304,0.7333,0.4,8,0.533333,0.049731,0.002953,-0.2,3,nearcw,,0.03678,4.6171
GF(2^4),16,15,4,0.2667,smooth,False,0.4836,0.5304,0.7333,0.4,9,0.6,0.116398,0.06962,-0.133333,25,deephole,,0.09544,52.9396
GF(2^4),16,15,4,0.2667,smooth,False,0.4836,0.5304,0.7333,0.4,10,0.666667,0.183064,0.136286,-0.066667,168,deephole,,0.14739,459.3161
GF(2^4),16,15,4,0.2667,smooth,False,0.4836,0.5304,0.7333,0.4,11,0.733333,0.249731,0.202953,-0.0,1365,deephole,,0.19209,2947.7688
GF(2^4),16,15,4,0.2667,smooth,False,0.4836,0.5304,0.7333,0.4,12,0.8,0.316398,0.26962,0.066667,4483,nearcw,,0.22853,13415.4569
GF(2^4),16,15,4,0.2667,smooth,False,0.4836,0.5304,0.7333,0.4,13,0.866667,0.383064,0.336286,0.133333,16415,deephole,,0.25479,39986.3601
GF(2^4),16,15,4,0.2667,random_domain,False,0.4836,0.5304,0.7333,0.4,5,0.333333,-0.150269,-0.197047,-0.4,1,nearcw,12.478,-0.17819,0.0006
GF(2^4),16,15,4,0.2667,random_domain,False,0.4836,0.5304,0.7333,0.4,6,0.4,-0.083602,-0.13038,-0.333333,1,nearcw,22.428,-0.09991,0.0157
GF(2^4),16,15,4,0.2667,random_domain,False,0.4836,0.5304,0.7333,0.4,7,0.466667,-0.016936,-0.063714,-0.266667,2,maxcluster,110.714,-0.02833,0.3078
GF(2^4),16,15,4,0.2667,random_domain,False,0.4836,0.5304,0.7333,0.4,8,0.533333,0.049731,0.002953,-0.2,4,nearcw,,0.03678,4.6171
GF(2^4),16,15,4,0.2667,random_domain,False,0.4836,0.5304,0.7333,0.4,9,0.6,0.116398,0.06962,-0.133333,25,deephole,,0.09544,52.9396
GF(2^4),16,15,4,0.2667,random_domain,False,0.4836,0.5304,0.7333,0.4,10,0.666667,0.183064,0.136286,-0.066667,168,deephole,,0.14739,459.3161
GF(2^4),16,15,4,0.2667,random_domain,False,0.4836,0.5304,0.7333,0.4,11,0.733333,0.249731,0.202953,-0.0,1365,deephole,,0.19209,2947.7688
GF(2^4),16,15,4,0.2667,random_domain,False,0.4836,0.5304,0.7333,0.4,12,0.8,0.316398,0.26962,0.066667,4501,nearcw,,0.22853,13415.4569
GF(2^4),16,15,4,0.2667,random_domain,False,0.4836,0.5304,0.7333,0.4,13,0.866667,0.383064,0.336286,0.133333,16415,deephole,,0.25479,39986.3601
GF(17),17,8,4,0.5,smooth,False,0.2929,0.266,0.5,0.3125,1,0.125,-0.167893,-0.141048,-0.375,1,kambire,5.956,-0.24469,0.0039
GF(17),17,8,4,0.5,smooth,False,0.2929,0.266,0.5,0.3125,2,0.25,-0.042893,-0.016048,-0.25,1,kambire,23.314,-0.05687,0.2755
GF(17),17,8,4,0.5,smooth,False,0.2929,0.266,0.5,0.3125,3,0.375,0.082107,0.108952,-0.125,5,nearcw,,0.10048,9.7515
GF(17),17,8,4,0.5,smooth,False,0.2929,0.266,0.5,0.3125,4,0.5,0.207107,0.233952,0.0,70,deephole,,0.23395,200.8742
GF(17),17,8,4,0.5,smooth,False,0.2929,0.266,0.5,0.3125,5,0.625,0.332107,0.358952,0.125,897,kambire,,0.34513,2496.3779
GF(17),17,8,4,0.5,smooth,False,0.2929,0.266,0.5,0.3125,6,0.75,0.457107,0.483952,0.25,6398,deephole,,0.43243,18058.2896
GF(17),17,8,4,0.5,random_domain,False,0.2929,0.266,0.5,0.3125,1,0.125,-0.167893,-0.141048,-0.375,0,,5.956,-0.24469,0.0039
GF(17),17,8,4,0.5,random_domain,False,0.2929,0.266,0.5,0.3125,2,0.25,-0.042893,-0.016048,-0.25,1,nearcw,23.314,-0.05687,0.2755
GF(17),17,8,4,0.5,random_domain,False,0.2929,0.266,0.5,0.3125,3,0.375,0.082107,0.108952,-0.125,6,kambire,,0.10048,9.7515
GF(17),17,8,4,0.5,random_domain,False,0.2929,0.266,0.5,0.3125,4,0.5,0.207107,0.233952,0.0,70,deephole,,0.23395,200.8742
GF(17),17,8,4,0.5,random_domain,False,0.2929,0.266,0.5,0.3125,5,0.625,0.332107,0.358952,0.125,786,nearcw,,0.34513,2496.3779
GF(17),17,8,4,0.5,random_domain,False,0.2929,0.266,0.5,0.3125,6,0.75,0.457107,0.483952,0.25,6398,deephole,,0.43243,18058.2896
GF(2^8),256,15,2,0.1333,smooth,True,0.6349,0.7959,0.8667,0.4667,6,0.4,-0.234852,-0.395947,-0.466667,1,nearcw,15.968,-0.34558,0.0
GF(2^8),256,15,2,0.1333,smooth,True,0.6349,0.7959,0.8667,0.4667,7,0.466667,-0.168185,-0.32928,-0.4,1,nearcw,22.297,-0.27573,0.0
GF(2^8),256,15,2,0.1333,smooth,True,0.6349,0.7959,0.8667,0.4667,8,0.533333,-0.101518,-0.262614,-0.333333,2,maxcluster,36.939,-0.20911,0.0
GF(2^8),256,15,2,0.1333,smooth,True,0.6349,0.7959,0.8667,0.4667,9,0.6,-0.034852,-0.195947,-0.266667,2,maxcluster,107.599,-0.14572,0.0
GF(2^8),256,15,2,0.1333,smooth,True,0.6349,0.7959,0.8667,0.4667,10,0.666667,0.031815,-0.12928,-0.2,2,maxcluster,,-0.08568,0.0008
GF(2^8),256,15,2,0.1333,smooth,True,0.6349,0.7959,0.8667,0.4667,11,0.733333,0.098482,-0.062614,-0.133333,15,deephole,,-0.02927,0.0876
GF(2^8),256,15,2,0.1333,smooth,True,0.6349,0.7959,0.8667,0.4667,12,0.8,0.165148,0.004053,-0.066667,35,deephole,,0.02301,6.7794
GF(2^8),256,15,2,0.1333,smooth,True,0.6349,0.7959,0.8667,0.4667,13,0.866667,0.231815,0.07072,0.0,105,deephole,,0.0702,343.5169
GF(2^8),256,15,2,0.1333,smooth,True,0.6349,0.7959,0.8667,0.4667,14,0.933333,0.298482,0.137386,0.066667,3785,deephole,,0.11018,9550.3517
GF(2^8),256,15,2,0.1333,random_domain,True,0.6349,0.7959,0.8667,0.4667,6,0.4,-0.234852,-0.395947,-0.466667,1,nearcw,15.968,-0.34558,0.0
GF(2^8),256,15,2,0.1333,random_domain,True,0.6349,0.7959,0.8667,0.4667,7,0.466667,-0.168185,-0.32928,-0.4,1,nearcw,22.297,-0.27573,0.0
GF(2^8),256,15,2,0.1333,random_domain,True,0.6349,0.7959,0.8667,0.4667,8,0.533333,-0.101518,-0.262614,-0.333333,2,maxcluster,36.939,-0.20911,0.0
GF(2^8),256,15,2,0.1333,random_domain,True,0.6349,0.7959,0.8667,0.4667,9,0.6,-0.034852,-0.195947,-0.266667,2,maxcluster,107.599,-0.14572,0.0
GF(2^8),256,15,2,0.1333,random_domain,True,0.6349,0.7959,0.8667,0.4667,10,0.666667,0.031815,-0.12928,-0.2,2,maxcluster,,-0.08568,0.0008
GF(2^8),256,15,2,0.1333,random_domain,True,0.6349,0.7959,0.8667,0.4667,11,0.733333,0.098482,-0.062614,-0.133333,2,maxcluster,,-0.02927,0.0876
GF(2^8),256,15,2,0.1333,random_domain,True,0.6349,0.7959,0.8667,0.4667,12,0.8,0.165148,0.004053,-0.066667,5,nearcw,,0.02301,6.7794
GF(2^8),256,15,2,0.1333,random_domain,True,0.6349,0.7959,0.8667,0.4667,13,0.866667,0.231815,0.07072,0.0,105,deephole,,0.0702,343.5169
GF(2^8),256,15,2,0.1333,random_domain,True,0.6349,0.7959,0.8667,0.4667,14,0.933333,0.298482,0.137386,0.066667,3782,nearcw,,0.11018,9550.3517
GF(2^8),256,17,2,0.1176,smooth,True,0.657,0.8171,0.8824,0.4706,7,0.411765,-0.245238,-0.405351,-0.470588,1,nearcw,17.33,-0.3487,0.0
GF(2^8),256,17,2,0.1176,smooth,True,0.657,0.8171,0.8824,0.4706,8,0.470588,-0.186415,-0.346528,-0.411765,1,nearcw,22.799,-0.28741,0.0
GF(2^8),256,17,2,0.1176,smooth,True,0.657,0.8171,0.8824,0.4706,9,0.529412,-0.127591,-0.287704,-0.352941,2,maxcluster,33.31,-0.22863,0.0
GF(2^8),256,17,2,0.1176,smooth,True,0.657,0.8171,0.8824,0.4706,10,0.588235,-0.068768,-0.228881,-0.294118,2,maxcluster,61.802,-0.17236,0.0
GF(2^8),256,17,2,0.1176,smooth,True,0.657,0.8171,0.8824,0.4706,11,0.647059,-0.009944,-0.170057,-0.235294,2,maxcluster,427.393,-0.11867,0.0
GF(2^8),256,17,2,0.1176,smooth,True,0.657,0.8171,0.8824,0.4706,12,0.705882,0.04888,-0.111234,-0.176471,2,maxcluster,,-0.06772,0.0017
GF(2^8),256,17,2,0.1176,smooth,True,0.657,0.8171,0.8824,0.4706,13,0.764706,0.107703,-0.05241,-0.117647,2,nearcw,,-0.0198,0.1547
GF(2^8),256,17,2,0.1176,smooth,True,0.657,0.8171,0.8824,0.4706,14,0.823529,0.166527,0.006413,-0.058824,7,random,,0.02463,10.1962
GF(2^8),256,17,2,0.1176,smooth,True,0.657,0.8171,0.8824,0.4706,15,0.882353,0.22535,0.065237,0.0,136,deephole,,0.0647,445.3547
GF(2^8),256,17,2,0.1176,smooth,True,0.657,0.8171,0.8824,0.4706,16,0.941176,0.284174,0.12406,0.058824,4273,nearcw,,0.0985,10783.3909
GF(2^8),256,17,2,0.1176,random_domain,True,0.657,0.8171,0.8824,0.4706,7,0.411765,-0.245238,-0.405351,-0.470588,1,nearcw,17.33,-0.3487,0.0
GF(2^8),256,17,2,0.1176,random_domain,True,0.657,0.8171,0.8824,0.4706,8,0.470588,-0.186415,-0.346528,-0.411765,1,nearcw,22.799,-0.28741,0.0
GF(2^8),256,17,2,0.1176,random_domain,True,0.657,0.8171,0.8824,0.4706,9,0.529412,-0.127591,-0.287704,-0.352941,2,maxcluster,33.31,-0.22863,0.0
GF(2^8),256,17,2,0.1176,random_domain,True,0.657,0.8171,0.8824,0.4706,10,0.588235,-0.068768,-0.228881,-0.294118,2,maxcluster,61.802,-0.17236,0.0
GF(2^8),256,17,2,0.1176,random_domain,True,0.657,0.8171,0.8824,0.4706,11,0.647059,-0.009944,-0.170057,-0.235294,2,maxcluster,427.393,-0.11867,0.0
GF(2^8),256,17,2,0.1176,random_domain,True,0.657,0.8171,0.8824,0.4706,12,0.705882,0.04888,-0.111234,-0.176471,2,maxcluster,,-0.06772,0.0017
GF(2^8),256,17,2,0.1176,random_domain,True,0.657,0.8171,0.8824,0.4706,13,0.764706,0.107703,-0.05241,-0.117647,4,kambire,,-0.0198,0.1547
GF(2^8),256,17,2,0.1176,random_domain,True,0.657,0.8171,0.8824,0.4706,14,0.823529,0.166527,0.006413,-0.058824,17,kambire,,0.02463,10.1962
GF(2^8),256,17,2,0.1176,random_domain,True,0.657,0.8171,0.8824,0.4706,15,0.882353,0.22535,0.065237,0.0,136,deephole,,0.0647,445.3547
GF(2^8),256,17,2,0.1176,random_domain,True,0.657,0.8171,0.8824,0.4706,16,0.941176,0.284174,0.12406,0.058824,4274,nearcw,,0.0985,10783.3909
GF(17),17,16,4,0.25,smooth,False,0.5,0.5569,0.75,0.4062,5,0.3125,-0.1875,-0.24437,-0.4375,1,kambire,10.667,-0.22497,0.0
GF(17),17,16,4,0.25,smooth,False,0.5,0.5569,0.75,0.4062,6,0.375,-0.125,-0.18187,-0.375,1,kambire,16.0,-0.14952,0.0011
GF(17),17,16,4,0.25,smooth,False,0.5,0.5569,0.75,0.4062,7,0.4375,-0.0625,-0.11937,-0.3125,2,maxcluster,32.0,-0.07998,0.0266
GF(17),17,16,4,0.25,smooth,False,0.5,0.5569,0.75,0.4062,8,0.5,0.0,-0.05687,-0.25,2,kambire,,-0.01605,0.4831
GF(17),17,16,4,0.25,smooth,False,0.5,0.5569,0.75,0.4062,9,0.5625,0.0625,0.00563,-0.1875,4,nearcw,,0.04235,6.8194
GF(17),17,16,4,0.25,smooth,False,0.5,0.5569,0.75,0.4062,10,0.625,0.125,0.06813,-0.125,32,deephole,,0.09513,74.6148
GF(17),17,16,4,0.25,smooth,False,0.5,0.5569,0.75,0.4062,11,0.6875,0.1875,0.13063,-0.0625,256,deephole,,0.14201,624.7164
GF(17),17,16,4,0.25,smooth,False,0.5,0.5569,0.75,0.4062,12,0.75,0.25,0.19313,0.0,1820,deephole,,0.18243,3904.4291
GF(17),17,16,4,0.25,smooth,False,0.5,0.5569,0.75,0.4062,13,0.8125,0.3125,0.25563,0.0625,8961,kambire,,0.21544,17436.7322
GF(17),17,16,4,0.25,smooth,False,0.5,0.5569,0.75,0.4062,14,0.875,0.375,0.31813,0.125,21100,deephole,,0.23926,51328.6607
GF(17),17,16,4,0.25,random_domain,False,0.5,0.5569,0.75,0.4062,5,0.3125,-0.1875,-0.24437,-0.4375,1,kambire,10.667,-0.22497,0.0
GF(17),17,16,4,0.25,random_domain,False,0.5,0.5569,0.75,0.4062,6,0.375,-0.125,-0.18187,-0.375,1,kambire,16.0,-0.14952,0.0011
GF(17),17,16,4,0.25,random_domain,False,0.5,0.5569,0.75,0.4062,7,0.4375,-0.0625,-0.11937,-0.3125,2,maxcluster,32.0,-0.07998,0.0266
GF(17),17,16,4,0.25,random_domain,False,0.5,0.5569,0.75,0.4062,8,0.5,0.0,-0.05687,-0.25,2,kambire,,-0.01605,0.4831
GF(17),17,16,4,0.25,random_domain,False,0.5,0.5569,0.75,0.4062,9,0.5625,0.0625,0.00563,-0.1875,5,random,,0.04235,6.8194
GF(17),17,16,4,0.25,random_domain,False,0.5,0.5569,0.75,0.4062,10,0.625,0.125,0.06813,-0.125,32,deephole,,0.09513,74.6148
GF(17),17,16,4,0.25,random_domain,False,0.5,0.5569,0.75,0.4062,11,0.6875,0.1875,0.13063,-0.0625,256,deephole,,0.14201,624.7164
GF(17),17,16,4,0.25,random_domain,False,0.5,0.5569,0.75,0.4062,12,0.75,0.25,0.19313,0.0,1820,deephole,,0.18243,3904.4291
GF(17),17,16,4,0.25,random_domain,False,0.5,0.5569,0.75,0.4062,13,0.8125,0.3125,0.25563,0.0625,8961,kambire,,0.21544,17436.7322
GF(17),17,16,4,0.25,random_domain,False,0.5,0.5569,0.75,0.4062,14,0.875,0.375,0.31813,0.125,21100,deephole,,0.23926,51328.6607
GF(19),19,9,4,0.4444,smooth,False,0.3333,0.3304,0.5556,0.3333,2,0.222222,-0.111111,-0.108186,-0.333333,0,,10.125,-0.15751,0.0154
GF(19),19,9,4,0.4444,smooth,False,0.3333,0.3304,0.5556,0.3333,3,0.333333,-0.0,0.002925,-0.222222,3,deephole,,-0.01217,0.7244
GF(19),19,9,4,0.4444,smooth,False,0.3333,0.3304,0.5556,0.3333,4,0.444444,0.111111,0.114036,-0.111111,10,random,,0.11404,20.5312
GF(19),19,9,4,0.4444,smooth,False,0.3333,0.3304,0.5556,0.3333,5,0.555556,0.222222,0.225147,0.0,126,deephole,,0.22311,369.5618
GF(19),19,9,4,0.4444,smooth,False,0.3333,0.3304,0.5556,0.3333,6,0.666667,0.333333,0.336258,0.111111,1296,deephole,,0.31504,4224.5295
GF(19),19,9,4,0.4444,smooth,False,0.3333,0.3304,0.5556,0.3333,7,0.777778,0.444444,0.447369,0.222222,10182,deephole,,0.38784,29078.7574
GF(19),19,9,4,0.4444,random_domain,False,0.3333,0.3304,0.5556,0.3333,2,0.222222,-0.111111,-0.108186,-0.333333,1,nearcw,10.125,-0.15751,0.0154
GF(19),19,9,4,0.4444,random_domain,False,0.3333,0.3304,0.5556,0.3333,3,0.333333,-0.0,0.002925,-0.222222,1,kambire,,-0.01217,0.7244
GF(19),19,9,4,0.4444,random_domain,False,0.3333,0.3304,0.5556,0.3333,4,0.444444,0.111111,0.114036,-0.111111,10,random,,0.11404,20.5312
GF(19),19,9,4,0.4444,random_domain,False,0.3333,0.3304,0.5556,0.3333,5,0.555556,0.222222,0.225147,0.0,126,deephole,,0.22311,369.5618
GF(19),19,9,4,0.4444,random_domain,False,0.3333,0.3304,0.5556,0.3333,6,0.666667,0.333333,0.336258,0.111111,1307,nearcw,,0.31504,4224.5295
GF(19),19,9,4,0.4444,random_domain,False,0.3333,0.3304,0.5556,0.3333,7,0.777778,0.444444,0.447369,0.222222,10182,deephole,,0.38784,29078.7574
GF(11),11,10,5,0.5,smooth,False,0.2929,0.2308,0.5,0.3,2,0.2,-0.092893,-0.030809,-0.3,1,random,10.765,-0.09927,0.0925
GF(11),11,10,5,0.5,smooth,False,0.2929,0.2308,0.5,0.3,3,0.3,0.007107,0.069191,-0.2,2,nearcw,,0.04283,2.7925
GF(11),11,10,5,0.5,smooth,False,0.2929,0.2308,0.5,0.3,4,0.4,0.107107,0.169191,-0.1,20,deephole,,0.16477,51.9863
GF(11),11,10,5,0.5,smooth,False,0.2929,0.2308,0.5,0.3,5,0.5,0.207107,0.269191,0.0,252,deephole,,0.26919,635.8234
GF(11),11,10,5,0.5,smooth,False,0.2929,0.2308,0.5,0.3,6,0.6,0.307107,0.369191,0.1,1537,random,,0.35682,5198.6324
GF(11),11,10,5,0.5,smooth,False,0.2929,0.2308,0.5,0.3,7,0.7,0.407107,0.469191,0.2,9102,deephole,,0.42693,27924.5723
GF(11),11,10,5,0.5,random_domain,False,0.2929,0.2308,0.5,0.3,2,0.2,-0.092893,-0.030809,-0.3,1,random,10.765,-0.09927,0.0925
GF(11),11,10,5,0.5,random_domain,False,0.2929,0.2308,0.5,0.3,3,0.3,0.007107,0.069191,-0.2,2,nearcw,,0.04283,2.7925
GF(11),11,10,5,0.5,random_domain,False,0.2929,0.2308,0.5,0.3,4,0.4,0.107107,0.169191,-0.1,20,deephole,,0.16477,51.9863
GF(11),11,10,5,0.5,random_domain,False,0.2929,0.2308,0.5,0.3,5,0.5,0.207107,0.269191,0.0,252,deephole,,0.26919,635.8234
GF(11),11,10,5,0.5,random_domain,False,0.2929,0.2308,0.5,0.3,6,0.6,0.307107,0.369191,0.1,1537,random,,0.35682,5198.6324
GF(11),11,10,5,0.5,random_domain,False,0.2929,0.2308,0.5,0.3,7,0.7,0.407107,0.469191,0.2,9102,deephole,,0.42693,27924.5723
GF(43),43,21,3,0.1429,smooth,True,0.622,0.749,0.8571,0.4524,8,0.380952,-0.241083,-0.368046,-0.47619,1,nearcw,14.518,-0.30189,0.0
GF(43),43,21,3,0.1429,smooth,True,0.622,0.749,0.8571,0.4524,9,0.428571,-0.193464,-0.320426,-0.428571,1,nearcw,18.091,-0.24969,0.0
GF(43),43,21,3,0.1429,smooth,True,0.622,0.749,0.8571,0.4524,10,0.47619,-0.145845,-0.272807,-0.380952,2,maxcluster,23.998,-0.19994,0.0
GF(43),43,21,3,0.1429,smooth,True,0.622,0.749,0.8571,0.4524,11,0.52381,-0.098226,-0.225188,-0.333333,2,maxcluster,35.632,-0.15262,0.0
GF(43),43,21,3,0.1429,smooth,True,0.622,0.749,0.8571,0.4524,12,0.571429,-0.050607,-0.177569,-0.285714,2,maxcluster,69.16,-0.10772,0.0002
GF(43),43,21,3,0.1429,smooth,True,0.622,0.749,0.8571,0.4524,13,0.619048,-0.002988,-0.12995,-0.238095,2,maxcluster,1171.388,-0.06529,0.0058
GF(43),43,21,3,0.1429,smooth,True,0.622,0.749,0.8571,0.4524,14,0.666667,0.044631,-0.082331,-0.190476,3,kambire,,-0.02542,0.1343
GF(43),43,21,3,0.1429,smooth,True,0.622,0.749,0.8571,0.4524,15,0.714286,0.09225,-0.034712,-0.142857,3,kambire,,0.01174,2.5272
GF(43),43,21,3,0.1429,smooth,True,0.622,0.749,0.8571,0.4524,16,0.761905,0.139869,0.012907,-0.095238,21,kambire,,0.04593,37.6177
GF(43),43,21,3,0.1429,smooth,True,0.622,0.749,0.8571,0.4524,17,0.809524,0.187488,0.060526,-0.047619,147,deephole,,0.07677,430.0701
GF(43),43,21,3,0.1429,smooth,True,0.622,0.749,0.8571,0.4524,18,0.857143,0.235107,0.108145,-0.0,1330,deephole,,0.10368,3600.7367
GF(43),43,21,3,0.1429,smooth,True,0.622,0.749,0.8571,0.4524,19,0.904762,0.282726,0.155764,0.047619,7326,nearcw,,0.12557,20301.6388
GF(43),43,21,3,0.1429,smooth,True,0.622,0.749,0.8571,0.4524,20,0.952381,0.330345,0.203383,0.095238,31129,deephole,,0.14018,64351.531
GF(43),43,21,3,0.1429,random_domain,True,0.622,0.749,0.8571,0.4524,8,0.380952,-0.241083,-0.368046,-0.47619,1,nearcw,14.518,-0.30189,0.0
GF(43),43,21,3,0.1429,random_domain,True,0.622,0.749,0.8571,0.4524,9,0.428571,-0.193464,-0.320426,-0.428571,1,nearcw,18.091,-0.24969,0.0
GF(43),43,21,3,0.1429,random_domain,True,0.622,0.749,0.8571,0.4524,10,0.47619,-0.145845,-0.272807,-0.380952,1,nearcw,23.998,-0.19994,0.0
GF(43),43,21,3,0.1429,random_domain,True,0.622,0.749,0.8571,0.4524,11,0.52381,-0.098226,-0.225188,-0.333333,2,maxcluster,35.632,-0.15262,0.0
GF(43),43,21,3,0.1429,random_domain,True,0.622,0.749,0.8571,0.4524,12,0.571429,-0.050607,-0.177569,-0.285714,2,maxcluster,69.16,-0.10772,0.0002
GF(43),43,21,3,0.1429,random_domain,True,0.622,0.749,0.8571,0.4524,13,0.619048,-0.002988,-0.12995,-0.238095,2,maxcluster,1171.388,-0.06529,0.0058
GF(43),43,21,3,0.1429,random_domain,True,0.622,0.749,0.8571,0.4524,14,0.666667,0.044631,-0.082331,-0.190476,2,nearcw,,-0.02542,0.1343
GF(43),43,21,3,0.1429,random_domain,True,0.622,0.749,0.8571,0.4524,15,0.714286,0.09225,-0.034712,-0.142857,4,kambire,,0.01174,2.5272
GF(43),43,21,3,0.1429,random_domain,True,0.622,0.749,0.8571,0.4524,16,0.761905,0.139869,0.012907,-0.095238,14,random,,0.04593,37.6177
GF(43),43,21,3,0.1429,random_domain,True,0.622,0.749,0.8571,0.4524,17,0.809524,0.187488,0.060526,-0.047619,143,deephole,,0.07677,430.0701
GF(43),43,21,3,0.1429,random_domain,True,0.622,0.749,0.8571,0.4524,18,0.857143,0.235107,0.108145,-0.0,1330,deephole,,0.10368,3600.7367
GF(43),43,21,3,0.1429,random_domain,True,0.622,0.749,0.8571,0.4524,19,0.904762,0.282726,0.155764,0.047619,7334,nearcw,,0.12557,20301.6388
GF(43),43,21,3,0.1429,random_domain,True,0.622,0.749,0.8571,0.4524,20,0.952381,0.330345,0.203383,0.095238,31129,deephole,,0.14018,64351.531
GF(19),19,18,4,0.2222,smooth,False,0.5286,0.602,0.7778,0.4167,6,0.333333,-0.195262,-0.268624,-0.444444,1,nearcw,11.523,-0.23439,0.0
GF(19),19,18,4,0.2222,smooth,False,0.5286,0.602,0.7778,0.4167,7,0.388889,-0.139707,-0.213069,-0.388889,1,nearcw,16.105,-0.16908,0.0001
GF(19),19,18,4,0.2222,smooth,False,0.5286,0.602,0.7778,0.4167,8,0.444444,-0.084151,-0.157513,-0.333333,2,maxcluster,26.738,-0.10819,0.0032
GF(19),19,18,4,0.2222,smooth,False,0.5286,0.602,0.7778,0.4167,9,0.5,-0.028595,-0.101958,-0.277778,2,kambire,78.684,-0.05155,0.0651
GF(19),19,18,4,0.2222,smooth,False,0.5286,0.602,0.7778,0.4167,10,0.555556,0.02696,-0.046402,-0.222222,2,kambire,,0.00088,1.048
GF(19),19,18,4,0.2222,smooth,False,0.5286,0.602,0.7778,0.4167,11,0.611111,0.082516,0.009153,-0.166667,7,random,,0.04906,13.4693
GF(19),19,18,4,0.2222,smooth,False,0.5286,0.602,0.7778,0.4167,12,0.666667,0.138071,0.064709,-0.111111,57,kambire,,0.09282,136.9438
GF(19),19,18,4,0.2222,smooth,False,0.5286,0.602,0.7778,0.4167,13,0.722222,0.193627,0.120264,-0.055556,450,deephole,,0.13185,1083.3871
GF(19),19,18,4,0.2222,smooth,False,0.5286,0.602,0.7778,0.4167,14,0.777778,0.249182,0.17582,0.0,3060,deephole,,0.16562,6488.3951
GF(19),19,18,4,0.2222,smooth,False,0.5286,0.602,0.7778,0.4167,15,0.833333,0.304738,0.231376,0.055556,9337,nearcw,,0.19327,28100.2126
GF(19),19,18,4,0.2222,smooth,False,0.5286,0.602,0.7778,0.4167,16,0.888889,0.360293,0.286931,0.111111,33405,deephole,,0.21326,81046.6459
GF(19),19,18,4,0.2222,random_domain,False,0.5286,0.602,0.7778,0.4167,6,0.333333,-0.195262,-0.268624,-0.444444,1,nearcw,11.523,-0.23439,0.0
GF(19),19,18,4,0.2222,random_domain,False,0.5286,0.602,0.7778,0.4167,7,0.388889,-0.139707,-0.213069,-0.388889,1,nearcw,16.105,-0.16908,0.0001
GF(19),19,18,4,0.2222,random_domain,False,0.5286,0.602,0.7778,0.4167,8,0.444444,-0.084151,-0.157513,-0.333333,2,maxcluster,26.738,-0.10819,0.0032
GF(19),19,18,4,0.2222,random_domain,False,0.5286,0.602,0.7778,0.4167,9,0.5,-0.028595,-0.101958,-0.277778,2,kambire,78.684,-0.05155,0.0651
GF(19),19,18,4,0.2222,random_domain,False,0.5286,0.602,0.7778,0.4167,10,0.555556,0.02696,-0.046402,-0.222222,2,kambire,,0.00088,1.048
GF(19),19,18,4,0.2222,random_domain,False,0.5286,0.602,0.7778,0.4167,11,0.611111,0.082516,0.009153,-0.166667,7,random,,0.04906,13.4693
GF(19),19,18,4,0.2222,random_domain,False,0.5286,0.602,0.7778,0.4167,12,0.666667,0.138071,0.064709,-0.111111,57,kambire,,0.09282,136.9438
GF(19),19,18,4,0.2222,random_domain,False,0.5286,0.602,0.7778,0.4167,13,0.722222,0.193627,0.120264,-0.055556,450,deephole,,0.13185,1083.3871
GF(19),19,18,4,0.2222,random_domain,False,0.5286,0.602,0.7778,0.4167,14,0.777778,0.249182,0.17582,0.0,3060,deephole,,0.16562,6488.3951
GF(19),19,18,4,0.2222,random_domain,False,0.5286,0.602,0.7778,0.4167,15,0.833333,0.304738,0.231376,0.055556,9356,nearcw,,0.19327,28100.2126
GF(19),19,18,4,0.2222,random_domain,False,0.5286,0.602,0.7778,0.4167,16,0.888889,0.360293,0.286931,0.111111,33405,deephole,,0.21326,81046.6459
GF(2^6),64,21,3,0.1429,smooth,True,0.622,0.7591,0.8571,0.4524,8,0.380952,-0.241083,-0.378119,-0.47619,1,nearcw,14.518,-0.31785,0.0
GF(2^6),64,21,3,0.1429,smooth,True,0.622,0.7591,0.8571,0.4524,9,0.428571,-0.193464,-0.3305,-0.428571,1,nearcw,18.091,-0.26599,0.0
GF(2^6),64,21,3,0.1429,smooth,True,0.622,0.7591,0.8571,0.4524,10,0.47619,-0.145845,-0.282881,-0.380952,2,maxcluster,23.998,-0.21636,0.0
GF(2^6),64,21,3,0.1429,smooth,True,0.622,0.7591,0.8571,0.4524,11,0.52381,-0.098226,-0.235262,-0.333333,2,maxcluster,35.632,-0.16892,0.0
GF(2^6),64,21,3,0.1429,smooth,True,0.622,0.7591,0.8571,0.4524,12,0.571429,-0.050607,-0.187643,-0.285714,2,maxcluster,69.16,-0.12367,0.0
GF(2^6),64,21,3,0.1429,smooth,True,0.622,0.7591,0.8571,0.4524,13,0.619048,-0.002988,-0.140024,-0.238095,2,maxcluster,1171.388,-0.08065,0.0009
GF(2^6),64,21,3,0.1429,smooth,True,0.622,0.7591,0.8571,0.4524,14,0.666667,0.044631,-0.092405,-0.190476,3,kambire,,-0.03995,0.0305
GF(2^6),64,21,3,0.1429,smooth,True,0.622,0.7591,0.8571,0.4524,15,0.714286,0.09225,-0.044786,-0.142857,3,kambire,,-0.00171,0.8614
GF(2^6),64,21,3,0.1429,smooth,True,0.622,0.7591,0.8571,0.4524,16,0.761905,0.139869,0.002833,-0.095238,21,deephole,,0.03385,19.2329
GF(2^6),64,21,3,0.1429,smooth,True,0.622,0.7591,0.8571,0.4524,17,0.809524,0.187488,0.050452,-0.047619,92,random,,0.06639,329.8248
GF(2^6),64,21,3,0.1429,smooth,True,0.622,0.7591,0.8571,0.4524,18,0.857143,0.235107,0.098071,-0.0,1330,deephole,,0.09537,4142.1583
GF(2^6),64,21,3,0.1429,smooth,True,0.622,0.7591,0.8571,0.4524,19,0.904762,0.282726,0.14569,0.047619,11702,nearcw,,0.11981,35031.4156
GF(2^6),64,21,3,0.1429,smooth,True,0.622,0.7591,0.8571,0.4524,20,0.952381,0.330345,0.193309,0.095238,73906,deephole,,0.13766,166562.3093
GF(2^6),64,21,3,0.1429,random_domain,True,0.622,0.7591,0.8571,0.4524,8,0.380952,-0.241083,-0.378119,-0.47619,1,nearcw,14.518,-0.31785,0.0
GF(2^6),64,21,3,0.1429,random_domain,True,0.622,0.7591,0.8571,0.4524,9,0.428571,-0.193464,-0.3305,-0.428571,1,nearcw,18.091,-0.26599,0.0
GF(2^6),64,21,3,0.1429,random_domain,True,0.622,0.7591,0.8571,0.4524,10,0.47619,-0.145845,-0.282881,-0.380952,1,nearcw,23.998,-0.21636,0.0
GF(2^6),64,21,3,0.1429,random_domain,True,0.622,0.7591,0.8571,0.4524,11,0.52381,-0.098226,-0.235262,-0.333333,2,maxcluster,35.632,-0.16892,0.0
GF(2^6),64,21,3,0.1429,random_domain,True,0.622,0.7591,0.8571,0.4524,12,0.571429,-0.050607,-0.187643,-0.285714,2,maxcluster,69.16,-0.12367,0.0
GF(2^6),64,21,3,0.1429,random_domain,True,0.622,0.7591,0.8571,0.4524,13,0.619048,-0.002988,-0.140024,-0.238095,2,maxcluster,1171.388,-0.08065,0.0009
GF(2^6),64,21,3,0.1429,random_domain,True,0.622,0.7591,0.8571,0.4524,14,0.666667,0.044631,-0.092405,-0.190476,2,maxcluster,,-0.03995,0.0305
GF(2^6),64,21,3,0.1429,random_domain,True,0.622,0.7591,0.8571,0.4524,15,0.714286,0.09225,-0.044786,-0.142857,2,nearcw,,-0.00171,0.8614
GF(2^6),64,21,3,0.1429,random_domain,True,0.622,0.7591,0.8571,0.4524,16,0.761905,0.139869,0.002833,-0.095238,10,random,,0.03385,19.2329
GF(2^6),64,21,3,0.1429,random_domain,True,0.622,0.7591,0.8571,0.4524,17,0.809524,0.187488,0.050452,-0.047619,99,deephole,,0.06639,329.8248
GF(2^6),64,21,3,0.1429,random_domain,True,0.622,0.7591,0.8571,0.4524,18,0.857143,0.235107,0.098071,-0.0,1330,deephole,,0.09537,4142.1583
GF(2^6),64,21,3,0.1429,random_domain,True,0.622,0.7591,0.8571,0.4524,19,0.904762,0.282726,0.14569,0.047619,11700,nearcw,,0.11981,35031.4156
GF(2^6),64,21,3,0.1429,random_domain,True,0.622,0.7591,0.8571,0.4524,20,0.952381,0.330345,0.193309,0.095238,73906,deephole,,0.13766,166562.3093
GF(73),73,24,3,0.125,smooth,True,0.6464,0.7876,0.875,0.4583,10,0.416667,-0.22978,-0.370919,-0.458333,1,nearcw,17.408,-0.30137,0.0
GF(73),73,24,3,0.125,smooth,True,0.6464,0.7876,0.875,0.4583,11,0.458333,-0.188113,-0.329253,-0.416667,1,nearcw,21.264,-0.25739,0.0
GF(73),73,24,3,0.125,smooth,True,0.6464,0.7876,0.875,0.4583,12,0.5,-0.146447,-0.287586,-0.375,2,kambire,27.314,-0.21505,0.0
GF(73),73,24,3,0.125,smooth,True,0.6464,0.7876,0.875,0.4583,13,0.541667,-0.10478,-0.245919,-0.333333,2,kambire,38.175,-0.17433,0.0
GF(73),73,24,3,0.125,smooth,True,0.6464,0.7876,0.875,0.4583,14,0.583333,-0.063113,-0.204253,-0.291667,2,kambire,63.378,-0.13524,0.0
GF(73),73,24,3,0.125,smooth,True,0.6464,0.7876,0.875,0.4583,15,0.625,-0.021447,-0.162586,-0.25,2,kambire,186.51,-0.09782,0.0
GF(73),73,24,3,0.125,smooth,True,0.6464,0.7876,0.875,0.4583,16,0.666667,0.02022,-0.120919,-0.208333,3,kambire,,-0.06212,0.0017
GF(73),73,24,3,0.125,smooth,True,0.6464,0.7876,0.875,0.4583,17,0.708333,0.061887,-0.079253,-0.166667,3,kambire,,-0.02825,0.0545
GF(73),73,24,3,0.125,smooth,True,0.6464,0.7876,0.875,0.4583,18,0.75,0.103553,-0.037586,-0.125,4,kambire,,0.00366,1.457
GF(73),73,24,3,0.125,smooth,True,0.6464,0.7876,0.875,0.4583,19,0.791667,0.14522,0.004081,-0.083333,28,kambire,,0.0334,31.1486
GF(73),73,24,3,0.125,smooth,True,0.6464,0.7876,0.875,0.4583,20,0.833333,0.186887,0.045747,-0.041667,362,kambire,,0.06067,516.535
GF(73),73,24,3,0.125,smooth,True,0.6464,0.7876,0.875,0.4583,21,0.875,0.228553,0.087414,0.0,2024,deephole,,0.085,6328.5353
GF(73),73,24,3,0.125,smooth,True,0.6464,0.7876,0.875,0.4583,22,0.916667,0.27022,0.129081,0.041667,17930,kambire,,0.10557,52631.4931
GF(73),73,24,3,0.125,smooth,True,0.6464,0.7876,0.875,0.4583,23,0.958333,0.311887,0.170747,0.083333,109772,deephole,,0.12062,247854.5684
GF(73),73,24,3,0.125,random_domain,True,0.6464,0.7876,0.875,0.4583,10,0.416667,-0.22978,-0.370919,-0.458333,1,nearcw,17.408,-0.30137,0.0
GF(73),73,24,3,0.125,random_domain,True,0.6464,0.7876,0.875,0.4583,11,0.458333,-0.188113,-0.329253,-0.416667,1,nearcw,21.264,-0.25739,0.0
GF(73),73,24,3,0.125,random_domain,True,0.6464,0.7876,0.875,0.4583,12,0.5,-0.146447,-0.287586,-0.375,2,maxcluster,27.314,-0.21505,0.0
GF(73),73,24,3,0.125,random_domain,True,0.6464,0.7876,0.875,0.4583,13,0.541667,-0.10478,-0.245919,-0.333333,2,maxcluster,38.175,-0.17433,0.0
GF(73),73,24,3,0.125,random_domain,True,0.6464,0.7876,0.875,0.4583,14,0.583333,-0.063113,-0.204253,-0.291667,2,maxcluster,63.378,-0.13524,0.0
GF(73),73,24,3,0.125,random_domain,True,0.6464,0.7876,0.875,0.4583,15,0.625,-0.021447,-0.162586,-0.25,2,maxcluster,186.51,-0.09782,0.0
GF(73),73,24,3,0.125,random_domain,True,0.6464,0.7876,0.875,0.4583,16,0.666667,0.02022,-0.120919,-0.208333,2,maxcluster,,-0.06212,0.0017
GF(73),73,24,3,0.125,random_domain,True,0.6464,0.7876,0.875,0.4583,17,0.708333,0.061887,-0.079253,-0.166667,2,maxcluster,,-0.02825,0.0545
GF(73),73,24,3,0.125,random_domain,True,0.6464,0.7876,0.875,0.4583,18,0.75,0.103553,-0.037586,-0.125,2,nearcw,,0.00366,1.457
GF(73),73,24,3,0.125,random_domain,True,0.6464,0.7876,0.875,0.4583,19,0.791667,0.14522,0.004081,-0.083333,13,random,,0.0334,31.1486
GF(73),73,24,3,0.125,random_domain,True,0.6464,0.7876,0.875,0.4583,20,0.833333,0.186887,0.045747,-0.041667,149,deephole,,0.06067,516.535
GF(73),73,24,3,0.125,random_domain,True,0.6464,0.7876,0.875,0.4583,21,0.875,0.228553,0.087414,0.0,2024,deephole,,0.085,6328.5353
GF(73),73,24,3,0.125,random_domain,True,0.6464,0.7876,0.875,0.4583,22,0.916667,0.27022,0.129081,0.041667,17487,nearcw,,0.10557,52631.4931
GF(73),73,24,3,0.125,random_domain,True,0.6464,0.7876,0.875,0.4583,23,0.958333,0.311887,0.170747,0.083333,109772,deephole,,0.12062,247854.5684
GF(29),29,7,4,0.5714,smooth,False,0.2441,0.2317,0.4286,0.2857,1,0.142857,-0.101214,-0.088863,-0.285714,1,random,8.645,-0.16541,0.0203
GF(29),29,7,4,0.5714,smooth,False,0.2441,0.2317,0.4286,0.2857,2,0.285714,0.041643,0.053994,-0.142857,3,nearcw,,0.03184,2.1179
GF(29),29,7,4,0.5714,smooth,False,0.2441,0.2317,0.4286,0.2857,3,0.428571,0.1845,0.196851,-0.0,35,deephole,,0.19834,107.2414
GF(29),29,7,4,0.5714,smooth,False,0.2441,0.2317,0.4286,0.2857,4,0.571429,0.327358,0.339708,0.142857,936,random,,0.33971,3002.7604
GF(29),29,7,4,0.5714,smooth,False,0.2441,0.2317,0.4286,0.2857,5,0.714286,0.470215,0.482565,0.285714,15736,deephole,,0.45594,46491.3792
GF(29),29,7,4,0.5714,random_domain,False,0.2441,0.2317,0.4286,0.2857,1,0.142857,-0.101214,-0.088863,-0.285714,1,random,8.645,-0.16541,0.0203
GF(29),29,7,4,0.5714,random_domain,False,0.2441,0.2317,0.4286,0.2857,2,0.285714,0.041643,0.053994,-0.142857,3,random,,0.03184,2.1179
GF(29),29,7,4,0.5714,random_domain,False,0.2441,0.2317,0.4286,0.2857,3,0.428571,0.1845,0.196851,-0.0,35,deephole,,0.19834,107.2414
GF(29),29,7,4,0.5714,random_domain,False,0.2441,0.2317,0.4286,0.2857,4,0.571429,0.327358,0.339708,0.142857,936,random,,0.33971,3002.7604
GF(29),29,7,4,0.5714,random_domain,False,0.2441,0.2317,0.4286,0.2857,5,0.714286,0.470215,0.482565,0.285714,15736,deephole,,0.45594,46491.3792
GF(29),29,14,4,0.2857,smooth,False,0.4655,0.5396,0.7143,0.3929,4,0.285714,-0.179763,-0.253878,-0.428571,1,nearcw,9.735,-0.25388,0.0
GF(29),29,14,4,0.2857,smooth,False,0.4655,0.5396,0.7143,0.3929,5,0.357143,-0.108335,-0.18245,-0.357143,1,nearcw,16.154,-0.16731,0.0004
GF(29),29,14,4,0.2857,smooth,False,0.4655,0.5396,0.7143,0.3929,6,0.428571,-0.036906,-0.111021,-0.285714,1,nearcw,47.418,-0.08737,0.0163
GF(29),29,14,4,0.2857,smooth,False,0.4655,0.5396,0.7143,0.3929,7,0.5,0.034522,-0.039593,-0.214286,2,kambire,,-0.01365,0.5255
GF(29),29,14,4,0.2857,smooth,False,0.4655,0.5396,0.7143,0.3929,8,0.571429,0.105951,0.031836,-0.142857,14,deephole,,0.05399,12.7482
GF(29),29,14,4,0.2857,smooth,False,0.4655,0.5396,0.7143,0.3929,9,0.642857,0.17738,0.103265,-0.071429,70,deephole,,0.11543,230.7821
GF(29),29,14,4,0.2857,smooth,False,0.4655,0.5396,0.7143,0.3929,10,0.714286,0.248808,0.174693,0.0,1001,deephole,,0.17023,3055.9966
GF(29),29,14,4,0.2857,smooth,False,0.4655,0.5396,0.7143,0.3929,11,0.785714,0.320237,0.246122,0.071429,8288,nearcw,,0.21754,28435.9384
GF(29),29,14,4,0.2857,smooth,False,0.4655,0.5396,0.7143,0.3929,12,0.857143,0.391665,0.31755,0.142857,58422,deephole,,0.25572,171978.4192
GF(29),29,14,4,0.2857,random_domain,False,0.4655,0.5396,0.7143,0.3929,4,0.285714,-0.179763,-0.253878,-0.428571,1,nearcw,9.735,-0.25388,0.0
GF(29),29,14,4,0.2857,random_domain,False,0.4655,0.5396,0.7143,0.3929,5,0.357143,-0.108335,-0.18245,-0.357143,1,nearcw,16.154,-0.16731,0.0004
GF(29),29,14,4,0.2857,random_domain,False,0.4655,0.5396,0.7143,0.3929,6,0.428571,-0.036906,-0.111021,-0.285714,1,nearcw,47.418,-0.08737,0.0163
GF(29),29,14,4,0.2857,random_domain,False,0.4655,0.5396,0.7143,0.3929,7,0.5,0.034522,-0.039593,-0.214286,2,nearcw,,-0.01365,0.5255
GF(29),29,14,4,0.2857,random_domain,False,0.4655,0.5396,0.7143,0.3929,8,0.571429,0.105951,0.031836,-0.142857,8,nearcw,,0.05399,12.7482
GF(29),29,14,4,0.2857,random_domain,False,0.4655,0.5396,0.7143,0.3929,9,0.642857,0.17738,0.103265,-0.071429,69,deephole,,0.11543,230.7821
GF(29),29,14,4,0.2857,random_domain,False,0.4655,0.5396,0.7143,0.3929,10,0.714286,0.248808,0.174693,0.0,1001,deephole,,0.17023,3055.9966
GF(29),29,14,4,0.2857,random_domain,False,0.4655,0.5396,0.7143,0.3929,11,0.785714,0.320237,0.246122,0.071429,8296,nearcw,,0.21754,28435.9384
GF(29),29,14,4,0.2857,random_domain,False,0.4655,0.5396,0.7143,0.3929,12,0.857143,0.391665,0.31755,0.142857,58422,deephole,,0.25572,171978.4192
GF(97),97,24,3,0.125,smooth,True,0.6464,0.7929,0.875,0.4583,10,0.416667,-0.22978,-0.376257,-0.458333,1,nearcw,17.408,-0.31081,0.0
GF(97),97,24,3,0.125,smooth,True,0.6464,0.7929,0.875,0.4583,11,0.458333,-0.188113,-0.33459,-0.416667,2,maxcluster,21.264,-0.26695,0.0
GF(97),97,24,3,0.125,smooth,True,0.6464,0.7929,0.875,0.4583,12,0.5,-0.146447,-0.292924,-0.375,2,kambire,27.314,-0.22462,0.0
GF(97),97,24,3,0.125,smooth,True,0.6464,0.7929,0.875,0.4583,13,0.541667,-0.10478,-0.251257,-0.333333,2,kambire,38.175,-0.1838,0.0
GF(97),97,24,3,0.125,smooth,True,0.6464,0.7929,0.875,0.4583,14,0.583333,-0.063113,-0.20959,-0.291667,2,kambire,63.378,-0.14452,0.0
GF(97),97,24,3,0.125,smooth,True,0.6464,0.7929,0.875,0.4583,15,0.625,-0.021447,-0.167924,-0.25,2,kambire,186.51,-0.1068,0.0
GF(97),97,24,3,0.125,smooth,True,0.6464,0.7929,0.875,0.4583,16,0.666667,0.02022,-0.126257,-0.208333,3,kambire,,-0.07071,0.0004
GF(97),97,24,3,0.125,smooth,True,0.6464,0.7929,0.875,0.4583,17,0.708333,0.061887,-0.08459,-0.166667,3,kambire,,-0.03632,0.0185
GF(97),97,24,3,0.125,smooth,True,0.6464,0.7929,0.875,0.4583,18,0.75,0.103553,-0.042924,-0.125,4,kambire,,-0.00378,0.6606
GF(97),97,24,3,0.125,smooth,True,0.6464,0.7929,0.875,0.4583,19,0.791667,0.14522,-0.001257,-0.083333,10,random,,0.02674,18.8299
GF(97),97,24,3,0.125,smooth,True,0.6464,0.7929,0.875,0.4583,20,0.833333,0.186887,0.04041,-0.041667,362,kambire,,0.05494,416.34
GF(97),97,24,3,0.125,smooth,True,0.6464,0.7929,0.875,0.4583,21,0.875,0.228553,0.082076,0.0,2024,deephole,,0.08038,6801.2748
GF(97),97,24,3,0.125,smooth,True,0.6464,0.7929,0.875,0.4583,22,0.916667,0.27022,0.123743,0.041667,24554,kambire,,0.10229,75417.397
GF(97),97,24,3,0.125,smooth,True,0.6464,0.7929,0.875,0.4583,23,0.958333,0.311887,0.16541,0.083333,201068,deephole,,0.11902,473545.2809
GF(97),97,24,3,0.125,random_domain,True,0.6464,0.7929,0.875,0.4583,10,0.416667,-0.22978,-0.376257,-0.458333,1,nearcw,17.408,-0.31081,0.0
GF(97),97,24,3,0.125,random_domain,True,0.6464,0.7929,0.875,0.4583,11,0.458333,-0.188113,-0.33459,-0.416667,1,nearcw,21.264,-0.26695,0.0
GF(97),97,24,3,0.125,random_domain,True,0.6464,0.7929,0.875,0.4583,12,0.5,-0.146447,-0.292924,-0.375,2,maxcluster,27.314,-0.22462,0.0
GF(97),97,24,3,0.125,random_domain,True,0.6464,0.7929,0.875,0.4583,13,0.541667,-0.10478,-0.251257,-0.333333,2,maxcluster,38.175,-0.1838,0.0
GF(97),97,24,3,0.125,random_domain,True,0.6464,0.7929,0.875,0.4583,14,0.583333,-0.063113,-0.20959,-0.291667,2,maxcluster,63.378,-0.14452,0.0
GF(97),97,24,3,0.125,random_domain,True,0.6464,0.7929,0.875,0.4583,15,0.625,-0.021447,-0.167924,-0.25,2,maxcluster,186.51,-0.1068,0.0
GF(97),97,24,3,0.125,random_domain,True,0.6464,0.7929,0.875,0.4583,16,0.666667,0.02022,-0.126257,-0.208333,2,maxcluster,,-0.07071,0.0004
GF(97),97,24,3,0.125,random_domain,True,0.6464,0.7929,0.875,0.4583,17,0.708333,0.061887,-0.08459,-0.166667,2,maxcluster,,-0.03632,0.0185
GF(97),97,24,3,0.125,random_domain,True,0.6464,0.7929,0.875,0.4583,18,0.75,0.103553,-0.042924,-0.125,2,nearcw,,-0.00378,0.6606
GF(97),97,24,3,0.125,random_domain,True,0.6464,0.7929,0.875,0.4583,19,0.791667,0.14522,-0.001257,-0.083333,10,nearcw,,0.02674,18.8299
GF(97),97,24,3,0.125,random_domain,True,0.6464,0.7929,0.875,0.4583,20,0.833333,0.186887,0.04041,-0.041667,108,kambire,,0.05494,416.34
GF(97),97,24,3,0.125,random_domain,True,0.6464,0.7929,0.875,0.4583,21,0.875,0.228553,0.082076,0.0,2024,deephole,,0.08038,6801.2748
GF(97),97,24,3,0.125,random_domain,True,0.6464,0.7929,0.875,0.4583,22,0.916667,0.27022,0.123743,0.041667,24068,nearcw,,0.10229,75417.397
GF(97),97,24,3,0.125,random_domain,True,0.6464,0.7929,0.875,0.4583,23,0.958333,0.311887,0.16541,0.083333,201068,deephole,,0.11902,473545.2809
GF(29),29,28,4,0.1429,smooth,True,0.622,0.7368,0.8571,0.4464,11,0.392857,-0.229178,-0.34398,-0.464286,1,nearcw,15.272,-0.2694,0.0
GF(29),29,28,4,0.1429,smooth,True,0.622,0.7368,0.8571,0.4464,12,0.428571,-0.193464,-0.308266,-0.428571,1,nearcw,18.091,-0.23023,0.0
GF(29),29,28,4,0.1429,smooth,True,0.622,0.7368,0.8571,0.4464,13,0.464286,-0.15775,-0.272552,-0.392857,1,nearcw,22.187,-0.19261,0.0
GF(29),29,28,4,0.1429,smooth,True,0.622,0.7368,0.8571,0.4464,14,0.5,-0.122036,-0.236838,-0.357143,2,kambire,28.68,-0.15651,0.0
GF(29),29,28,4,0.1429,smooth,True,0.622,0.7368,0.8571,0.4464,15,0.535714,-0.086321,-0.201123,-0.321429,2,kambire,40.546,-0.12192,0.0
GF(29),29,28,4,0.1429,smooth,True,0.622,0.7368,0.8571,0.4464,16,0.571429,-0.050607,-0.165409,-0.285714,2,kambire,69.16,-0.08886,0.0002
GF(29),29,28,4,0.1429,smooth,True,0.622,0.7368,0.8571,0.4464,17,0.607143,-0.014893,-0.129695,-0.25,2,kambire,235.015,-0.05735,0.0045
GF(29),29,28,4,0.1429,smooth,True,0.622,0.7368,0.8571,0.4464,18,0.642857,0.020822,-0.09398,-0.214286,2,kambire,,-0.02743,0.0753
GF(29),29,28,4,0.1429,smooth,True,0.622,0.7368,0.8571,0.4464,19,0.678571,0.056536,-0.058266,-0.178571,2,kambire,,0.00084,1.0824
GF(29),29,28,4,0.1429,smooth,True,0.622,0.7368,0.8571,0.4464,20,0.714286,0.09225,-0.022552,-0.142857,9,random,,0.02737,13.2043
GF(29),29,28,4,0.1429,smooth,True,0.622,0.7368,0.8571,0.4464,21,0.75,0.127964,0.013162,-0.107143,39,nearcw,,0.05204,135.1762
GF(29),29,28,4,0.1429,smooth,True,0.622,0.7368,0.8571,0.4464,22,0.785714,0.163679,0.048877,-0.071429,462,deephole,,0.07469,1143.2551
GF(29),29,28,4,0.1429,smooth,True,0.622,0.7368,0.8571,0.4464,23,0.821429,0.199393,0.084591,-0.035714,3388,deephole,,0.09507,7814.7916
GF(29),29,28,4,0.1429,smooth,True,0.622,0.7368,0.8571,0.4464,24,0.857143,0.235107,0.120305,-0.0,20475,deephole,,0.11286,41817.2928
GF(29),29,28,4,0.1429,smooth,True,0.622,0.7368,0.8571,0.4464,25,0.892857,0.270822,0.15602,0.035714,55463,nearcw,,0.12753,166709.2626
GF(29),29,28,4,0.1429,smooth,True,0.622,0.7368,0.8571,0.4464,26,0.928571,0.306536,0.191734,0.071429,189315,deephole,,0.13817,454584.5846
GF(29),29,28,4,0.1429,random_domain,True,0.622,0.7368,0.8571,0.4464,11,0.392857,-0.229178,-0.34398,-0.464286,1,nearcw,15.272,-0.2694,0.0
GF(29),29,28,4,0.1429,random_domain,True,0.622,0.7368,0.8571,0.4464,12,0.428571,-0.193464,-0.308266,-0.428571,1,nearcw,18.091,-0.23023,0.0
GF(29),29,28,4,0.1429,random_domain,True,0.622,0.7368,0.8571,0.4464,13,0.464286,-0.15775,-0.272552,-0.392857,1,nearcw,22.187,-0.19261,0.0
GF(29),29,28,4,0.1429,random_domain,True,0.622,0.7368,0.8571,0.4464,14,0.5,-0.122036,-0.236838,-0.357143,2,kambire,28.68,-0.15651,0.0
GF(29),29,28,4,0.1429,random_domain,True,0.622,0.7368,0.8571,0.4464,15,0.535714,-0.086321,-0.201123,-0.321429,2,kambire,40.546,-0.12192,0.0
GF(29),29,28,4,0.1429,random_domain,True,0.622,0.7368,0.8571,0.4464,16,0.571429,-0.050607,-0.165409,-0.285714,2,kambire,69.16,-0.08886,0.0002
GF(29),29,28,4,0.1429,random_domain,True,0.622,0.7368,0.8571,0.4464,17,0.607143,-0.014893,-0.129695,-0.25,2,kambire,235.015,-0.05735,0.0045
GF(29),29,28,4,0.1429,random_domain,True,0.622,0.7368,0.8571,0.4464,18,0.642857,0.020822,-0.09398,-0.214286,2,kambire,,-0.02743,0.0753
GF(29),29,28,4,0.1429,random_domain,True,0.622,0.7368,0.8571,0.4464,19,0.678571,0.056536,-0.058266,-0.178571,2,kambire,,0.00084,1.0824
GF(29),29,28,4,0.1429,random_domain,True,0.622,0.7368,0.8571,0.4464,20,0.714286,0.09225,-0.022552,-0.142857,7,random,,0.02737,13.2043
GF(29),29,28,4,0.1429,random_domain,True,0.622,0.7368,0.8571,0.4464,21,0.75,0.127964,0.013162,-0.107143,38,random,,0.05204,135.1762
GF(29),29,28,4,0.1429,random_domain,True,0.622,0.7368,0.8571,0.4464,22,0.785714,0.163679,0.048877,-0.071429,462,deephole,,0.07469,1143.2551
GF(29),29,28,4,0.1429,random_domain,True,0.622,0.7368,0.8571,0.4464,23,0.821429,0.199393,0.084591,-0.035714,3388,deephole,,0.09507,7814.7916
GF(29),29,28,4,0.1429,random_domain,True,0.622,0.7368,0.8571,0.4464,24,0.857143,0.235107,0.120305,-0.0,20475,deephole,,0.11286,41817.2928
GF(29),29,28,4,0.1429,random_domain,True,0.622,0.7368,0.8571,0.4464,25,0.892857,0.270822,0.15602,0.035714,55478,nearcw,,0.12753,166709.2626
GF(29),29,28,4,0.1429,random_domain,True,0.622,0.7368,0.8571,0.4464,26,0.928571,0.306536,0.191734,0.071429,189315,deephole,,0.13817,454584.5846
GF(31),31,15,4,0.2667,smooth,False,0.4836,0.567,0.7333,0.4,5,0.333333,-0.150269,-0.233671,-0.4,1,nearcw,12.478,-0.21783,0.0
GF(31),31,15,4,0.2667,smooth,False,0.4836,0.567,0.7333,0.4,6,0.4,-0.083602,-0.167004,-0.333333,1,nearcw,22.428,-0.14117,0.0007
GF(31),31,15,4,0.2667,smooth,False,0.4836,0.567,0.7333,0.4,7,0.466667,-0.016936,-0.100338,-0.266667,2,maxcluster,110.714,-0.06992,0.0273
GF(31),31,15,4,0.2667,smooth,False,0.4836,0.567,0.7333,0.4,8,0.533333,0.049731,-0.033671,-0.2,2,nearcw,,-0.00389,0.8184
GF(31),31,15,4,0.2667,smooth,False,0.4836,0.567,0.7333,0.4,9,0.6,0.116398,0.032996,-0.133333,10,deephole,,0.05692,18.7669
GF(31),31,15,4,0.2667,smooth,False,0.4836,0.567,0.7333,0.4,10,0.666667,0.183064,0.099662,-0.066667,93,deephole,,0.11232,325.6513
GF(31),31,15,4,0.2667,smooth,False,0.4836,0.567,0.7333,0.4,11,0.733333,0.249731,0.166329,-0.0,1365,deephole,,0.16187,4179.8871
GF(31),31,15,4,0.2667,smooth,False,0.4836,0.567,0.7333,0.4,12,0.8,0.316398,0.232996,0.066667,11108,nearcw,,0.20475,38045.7889
GF(31),31,15,4,0.2667,smooth,False,0.4836,0.567,0.7333,0.4,13,0.866667,0.383064,0.299662,0.133333,76790,deephole,,0.23941,226799.9705
GF(31),31,15,4,0.2667,random_domain,False,0.4836,0.567,0.7333,0.4,5,0.333333,-0.150269,-0.233671,-0.4,1,nearcw,12.478,-0.21783,0.0
GF(31),31,15,4,0.2667,random_domain,False,0.4836,0.567,0.7333,0.4,6,0.4,-0.083602,-0.167004,-0.333333,1,nearcw,22.428,-0.14117,0.0007
GF(31),31,15,4,0.2667,random_domain,False,0.4836,0.567,0.7333,0.4,7,0.466667,-0.016936,-0.100338,-0.266667,1,nearcw,110.714,-0.06992,0.0273
GF(31),31,15,4,0.2667,random_domain,False,0.4836,0.567,0.7333,0.4,8,0.533333,0.049731,-0.033671,-0.2,2,nearcw,,-0.00389,0.8184
GF(31),31,15,4,0.2667,random_domain,False,0.4836,0.567,0.7333,0.4,9,0.6,0.116398,0.032996,-0.133333,9,random,,0.05692,18.7669
GF(31),31,15,4,0.2667,random_domain,False,0.4836,0.567,0.7333,0.4,10,0.666667,0.183064,0.099662,-0.066667,96,deephole,,0.11232,325.6513
GF(31),31,15,4,0.2667,random_domain,False,0.4836,0.567,0.7333,0.4,11,0.733333,0.249731,0.166329,-0.0,1365,deephole,,0.16187,4179.8871
GF(31),31,15,4,0.2667,random_domain,False,0.4836,0.567,0.7333,0.4,12,0.8,0.316398,0.232996,0.066667,11126,nearcw,,0.20475,38045.7889
GF(31),31,15,4,0.2667,random_domain,False,0.4836,0.567,0.7333,0.4,13,0.866667,0.383064,0.299662,0.133333,76790,deephole,,0.23941,226799.9705
GF(101),101,25,3,0.12,smooth,True,0.6536,0.8008,0.88,0.46,10,0.4,-0.25359,-0.400754,-0.48,1,nearcw,16.431,-0.33503,0.0
GF(101),101,25,3,0.12,smooth,True,0.6536,0.8008,0.88,0.46,11,0.44,-0.21359,-0.360754,-0.44,1,nearcw,19.508,-0.29232,0.0
GF(101),101,25,3,0.12,smooth,True,0.6536,0.8008,0.88,0.46,12,0.48,-0.17359,-0.320754,-0.4,2,maxcluster,24.003,-0.25102,0.0
GF(101),101,25,3,0.12,smooth,True,0.6536,0.8008,0.88,0.46,13,0.52,-0.13359,-0.280754,-0.36,2,maxcluster,31.19,-0.2111,0.0
GF(101),101,25,3,0.12,smooth,True,0.6536,0.8008,0.88,0.46,14,0.56,-0.09359,-0.240754,-0.32,2,maxcluster,44.521,-0.17258,0.0
GF(101),101,25,3,0.12,smooth,True,0.6536,0.8008,0.88,0.46,15,0.6,-0.05359,-0.200754,-0.28,2,maxcluster,77.751,-0.13547,0.0
GF(101),101,25,3,0.12,smooth,True,0.6536,0.8008,0.88,0.46,16,0.64,-0.01359,-0.160754,-0.24,2,maxcluster,306.602,-0.0998,0.0
GF(101),101,25,3,0.12,smooth,True,0.6536,0.8008,0.88,0.46,17,0.68,0.02641,-0.120754,-0.2,2,maxcluster,,-0.06564,0.0005
GF(101),101,25,3,0.12,smooth,True,0.6536,0.8008,0.88,0.46,18,0.72,0.06641,-0.080754,-0.16,2,maxcluster,,-0.03307,0.022
GF(101),101,25,3,0.12,smooth,True,0.6536,0.8008,0.88,0.46,19,0.76,0.10641,-0.040754,-0.12,2,nearcw,,-0.00223,0.773
GF(101),101,25,3,0.12,smooth,True,0.6536,0.8008,0.88,0.46,20,0.8,0.14641,-0.000754,-0.08,10,nearcw,,0.0267,21.7761
GF(101),101,25,3,0.12,smooth,True,0.6536,0.8008,0.88,0.46,21,0.84,0.18641,0.039246,-0.04,127,random,,0.05346,477.073
GF(101),101,25,3,0.12,smooth,True,0.6536,0.8008,0.88,0.46,22,0.88,0.22641,0.079246,0.0,2300,deephole,,0.07761,7740.4686
GF(101),101,25,3,0.12,smooth,True,0.6536,0.8008,0.88,0.46,23,0.92,0.26641,0.119246,0.04,27101,nearcw,,0.09842,85433.8099
GF(101),101,25,3,0.12,smooth,True,0.6536,0.8008,0.88,0.46,24,0.96,0.30641,0.159246,0.08,227025,deephole,,0.11432,535007.897
GF(101),101,25,3,0.12,random_domain,True,0.6536,0.8008,0.88,0.46,10,0.4,-0.25359,-0.400754,-0.48,1,nearcw,16.431,-0.33503,0.0
GF(101),101,25,3,0.12,random_domain,True,0.6536,0.8008,0.88,0.46,11,0.44,-0.21359,-0.360754,-0.44,1,nearcw,19.508,-0.29232,0.0
GF(101),101,25,3,0.12,random_domain,True,0.6536,0.8008,0.88,0.46,12,0.48,-0.17359,-0.320754,-0.4,2,maxcluster,24.003,-0.25102,0.0
GF(101),101,25,3,0.12,random_domain,True,0.6536,0.8008,0.88,0.46,13,0.52,-0.13359,-0.280754,-0.36,2,maxcluster,31.19,-0.2111,0.0
GF(101),101,25,3,0.12,random_domain,True,0.6536,0.8008,0.88,0.46,14,0.56,-0.09359,-0.240754,-0.32,2,maxcluster,44.521,-0.17258,0.0
GF(101),101,25,3,0.12,random_domain,True,0.6536,0.8008,0.88,0.46,15,0.6,-0.05359,-0.200754,-0.28,2,maxcluster,77.751,-0.13547,0.0
GF(101),101,25,3,0.12,random_domain,True,0.6536,0.8008,0.88,0.46,16,0.64,-0.01359,-0.160754,-0.24,2,maxcluster,306.602,-0.0998,0.0
GF(101),101,25,3,0.12,random_domain,True,0.6536,0.8008,0.88,0.46,17,0.68,0.02641,-0.120754,-0.2,2,maxcluster,,-0.06564,0.0005
GF(101),101,25,3,0.12,random_domain,True,0.6536,0.8008,0.88,0.46,18,0.72,0.06641,-0.080754,-0.16,2,maxcluster,,-0.03307,0.022
GF(101),101,25,3,0.12,random_domain,True,0.6536,0.8008,0.88,0.46,19,0.76,0.10641,-0.040754,-0.12,2,nearcw,,-0.00223,0.773
GF(101),101,25,3,0.12,random_domain,True,0.6536,0.8008,0.88,0.46,20,0.8,0.14641,-0.000754,-0.08,11,random,,0.0267,21.7761
GF(101),101,25,3,0.12,random_domain,True,0.6536,0.8008,0.88,0.46,21,0.84,0.18641,0.039246,-0.04,125,random,,0.05346,477.073
GF(101),101,25,3,0.12,random_domain,True,0.6536,0.8008,0.88,0.46,22,0.88,0.22641,0.079246,0.0,2300,deephole,,0.07761,7740.4686
GF(101),101,25,3,0.12,random_domain,True,0.6536,0.8008,0.88,0.46,23,0.92,0.26641,0.119246,0.04,27092,nearcw,,0.09842,85433.8099
GF(101),101,25,3,0.12,random_domain,True,0.6536,0.8008,0.88,0.46,24,0.96,0.30641,0.159246,0.08,227025,deephole,,0.11432,535007.897
GF(31),31,30,4,0.1333,smooth,True,0.6349,0.7536,0.8667,0.45,12,0.4,-0.234852,-0.35359,-0.466667,1,nearcw,15.968,-0.2745,0.0
GF(31),31,30,4,0.1333,smooth,True,0.6349,0.7536,0.8667,0.45,13,0.433333,-0.201518,-0.320257,-0.433333,1,nearcw,18.609,-0.23822,0.0
GF(31),31,30,4,0.1333,smooth,True,0.6349,0.7536,0.8667,0.45,14,0.466667,-0.168185,-0.286924,-0.4,2,maxcluster,22.297,-0.20325,0.0
GF(31),31,30,4,0.1333,smooth,True,0.6349,0.7536,0.8667,0.45,15,0.5,-0.134852,-0.25359,-0.366667,2,kambire,27.808,-0.16959,0.0
GF(31),31,30,4,0.1333,smooth,True,0.6349,0.7536,0.8667,0.45,16,0.533333,-0.101518,-0.220257,-0.333333,2,kambire,36.939,-0.13722,0.0
GF(31),31,30,4,0.1333,smooth,True,0.6349,0.7536,0.8667,0.45,17,0.566667,-0.068185,-0.186924,-0.3,2,kambire,54.997,-0.10616,0.0
GF(31),31,30,4,0.1333,smooth,True,0.6349,0.7536,0.8667,0.45,18,0.6,-0.034852,-0.15359,-0.266667,2,kambire,107.599,-0.07641,0.0004
GF(31),31,30,4,0.1333,smooth,True,0.6349,0.7536,0.8667,0.45,19,0.633333,-0.001518,-0.120257,-0.233333,2,kambire,2469.876,-0.04801,0.0071
GF(31),31,30,4,0.1333,smooth,True,0.6349,0.7536,0.8667,0.45,20,0.666667,0.031815,-0.086924,-0.2,3,kambire,,-0.02101,0.1148
GF(31),31,30,4,0.1333,smooth,True,0.6349,0.7536,0.8667,0.45,21,0.7,0.065148,-0.05359,-0.166667,3,kambire,,0.00454,1.5959
GF(31),31,30,4,0.1333,smooth,True,0.6349,0.7536,0.8667,0.45,22,0.733333,0.098482,-0.020257,-0.133333,30,kambire,,0.02854,18.9183
GF(31),31,30,4,0.1333,smooth,True,0.6349,0.7536,0.8667,0.45,23,0.766667,0.131815,0.013076,-0.1,60,kambire,,0.05088,189.0584
GF(31),31,30,4,0.1333,smooth,True,0.6349,0.7536,0.8667,0.45,24,0.8,0.165148,0.04641,-0.066667,630,deephole,,0.07141,1567.3515
GF(31),31,30,4,0.1333,smooth,True,0.6349,0.7536,0.8667,0.45,25,0.833333,0.198482,0.079743,-0.033333,4596,deephole,,0.08992,10541.799
GF(31),31,30,4,0.1333,smooth,True,0.6349,0.7536,0.8667,0.45,26,0.866667,0.231815,0.113076,0.0,27405,deephole,,0.10607,55697.9501
GF(31),31,30,4,0.1333,smooth,True,0.6349,0.7536,0.8667,0.45,27,0.9,0.265148,0.14641,0.033333,72460,nearcw,,0.11941,219949.0461
GF(31),31,30,4,0.1333,smooth,True,0.6349,0.7536,0.8667,0.45,28,0.933333,0.298482,0.179743,0.066667,248530,deephole,,0.12908,595859.4963
GF(31),31,30,4,0.1333,random_domain,True,0.6349,0.7536,0.8667,0.45,12,0.4,-0.234852,-0.35359,-0.466667,1,nearcw,15.968,-0.2745,0.0
GF(31),31,30,4,0.1333,random_domain,True,0.6349,0.7536,0.8667,0.45,13,0.433333,-0.201518,-0.320257,-0.433333,1,nearcw,18.609,-0.23822,0.0
GF(31),31,30,4,0.1333,random_domain,True,0.6349,0.7536,0.8667,0.45,14,0.466667,-0.168185,-0.286924,-0.4,2,maxcluster,22.297,-0.20325,0.0
GF(31),31,30,4,0.1333,random_domain,True,0.6349,0.7536,0.8667,0.45,15,0.5,-0.134852,-0.25359,-0.366667,2,kambire,27.808,-0.16959,0.0
GF(31),31,30,4,0.1333,random_domain,True,0.6349,0.7536,0.8667,0.45,16,0.533333,-0.101518,-0.220257,-0.333333,2,kambire,36.939,-0.13722,0.0
GF(31),31,30,4,0.1333,random_domain,True,0.6349,0.7536,0.8667,0.45,17,0.566667,-0.068185,-0.186924,-0.3,2,kambire,54.997,-0.10616,0.0
GF(31),31,30,4,0.1333,random_domain,True,0.6349,0.7536,0.8667,0.45,18,0.6,-0.034852,-0.15359,-0.266667,2,kambire,107.599,-0.07641,0.0004
GF(31),31,30,4,0.1333,random_domain,True,0.6349,0.7536,0.8667,0.45,19,0.633333,-0.001518,-0.120257,-0.233333,2,kambire,2469.876,-0.04801,0.0071
GF(31),31,30,4,0.1333,random_domain,True,0.6349,0.7536,0.8667,0.45,20,0.666667,0.031815,-0.086924,-0.2,3,kambire,,-0.02101,0.1148
GF(31),31,30,4,0.1333,random_domain,True,0.6349,0.7536,0.8667,0.45,21,0.7,0.065148,-0.05359,-0.166667,3,kambire,,0.00454,1.5959
GF(31),31,30,4,0.1333,random_domain,True,0.6349,0.7536,0.8667,0.45,22,0.733333,0.098482,-0.020257,-0.133333,30,kambire,,0.02854,18.9183
GF(31),31,30,4,0.1333,random_domain,True,0.6349,0.7536,0.8667,0.45,23,0.766667,0.131815,0.013076,-0.1,60,kambire,,0.05088,189.0584
GF(31),31,30,4,0.1333,random_domain,True,0.6349,0.7536,0.8667,0.45,24,0.8,0.165148,0.04641,-0.066667,630,deephole,,0.07141,1567.3515
GF(31),31,30,4,0.1333,random_domain,True,0.6349,0.7536,0.8667,0.45,25,0.833333,0.198482,0.079743,-0.033333,4596,deephole,,0.08992,10541.799
GF(31),31,30,4,0.1333,random_domain,True,0.6349,0.7536,0.8667,0.45,26,0.866667,0.231815,0.113076,0.0,27405,deephole,,0.10607,55697.9501
GF(31),31,30,4,0.1333,random_domain,True,0.6349,0.7536,0.8667,0.45,27,0.9,0.265148,0.14641,0.033333,72438,nearcw,,0.11941,219949.0461
GF(31),31,30,4,0.1333,random_domain,True,0.6349,0.7536,0.8667,0.45,28,0.933333,0.298482,0.179743,0.066667,248530,deephole,,0.12908,595859.4963
GF(37),37,9,4,0.4444,smooth,False,0.3333,0.3687,0.5556,0.3333,2,0.222222,-0.111111,-0.14646,-0.333333,0,,10.125,-0.18832,0.0022
GF(37),37,9,4,0.4444,smooth,False,0.3333,0.3687,0.5556,0.3333,3,0.333333,-0.0,-0.035349,-0.222222,3,deephole,,-0.04848,0.2069
GF(37),37,9,4,0.4444,smooth,False,0.3333,0.3687,0.5556,0.3333,4,0.444444,0.111111,0.075762,-0.111111,8,random,,0.07576,11.7299
GF(37),37,9,4,0.4444,smooth,False,0.3333,0.3687,0.5556,0.3333,5,0.555556,0.222222,0.186873,0.0,126,deephole,,0.18603,422.2761
GF(37),37,9,4,0.4444,smooth,False,0.3333,0.3687,0.5556,0.3333,6,0.666667,0.333333,0.297984,0.111111,2808,deephole,,0.28233,9654.2314
GF(37),37,9,4,0.4444,smooth,False,0.3333,0.3687,0.5556,0.3333,7,0.777778,0.444444,0.409096,0.222222,43446,deephole,,0.36302,132906.187
GF(37),37,9,4,0.4444,random_domain,False,0.3333,0.3687,0.5556,0.3333,2,0.222222,-0.111111,-0.14646,-0.333333,0,,10.125,-0.18832,0.0022
GF(37),37,9,4,0.4444,random_domain,False,0.3333,0.3687,0.5556,0.3333,3,0.333333,-0.0,-0.035349,-0.222222,1,kambire,,-0.04848,0.2069
GF(37),37,9,4,0.4444,random_domain,False,0.3333,0.3687,0.5556,0.3333,4,0.444444,0.111111,0.075762,-0.111111,7,random,,0.07576,11.7299
GF(37),37,9,4,0.4444,random_domain,False,0.3333,0.3687,0.5556,0.3333,5,0.555556,0.222222,0.186873,0.0,126,deephole,,0.18603,422.2761
GF(37),37,9,4,0.4444,random_domain,False,0.3333,0.3687,0.5556,0.3333,6,0.666667,0.333333,0.297984,0.111111,2786,nearcw,,0.28233,9654.2314
GF(37),37,9,4,0.4444,random_domain,False,0.3333,0.3687,0.5556,0.3333,7,0.777778,0.444444,0.409096,0.222222,43446,deephole,,0.36302,132906.187
GF(41),41,8,4,0.5,smooth,False,0.2929,0.3167,0.5,0.3125,1,0.125,-0.167893,-0.191672,-0.375,1,kambire,5.956,-0.27437,0.0003
GF(41),41,8,4,0.5,smooth,False,0.2929,0.3167,0.5,0.3125,2,0.25,-0.042893,-0.066672,-0.25,1,kambire,23.314,-0.10024,0.0509
GF(41),41,8,4,0.5,smooth,False,0.2929,0.3167,0.5,0.3125,3,0.375,0.082107,0.058328,-0.125,3,nearcw,,0.05065,4.5035
GF(41),41,8,4,0.5,smooth,False,0.2929,0.3167,0.5,0.3125,4,0.5,0.207107,0.183328,0.0,70,deephole,,0.18333,231.9234
GF(41),41,8,4,0.5,smooth,False,0.2929,0.3167,0.5,0.3125,5,0.625,0.332107,0.308328,0.125,2241,kambire,,0.29899,7205.6081
GF(41),41,8,4,0.5,smooth,False,0.2929,0.3167,0.5,0.3125,6,0.75,0.457107,0.433328,0.25,42686,deephole,,0.39644,130309.7535
GF(41),41,8,4,0.5,random_domain,False,0.2929,0.3167,0.5,0.3125,1,0.125,-0.167893,-0.191672,-0.375,0,,5.956,-0.27437,0.0003
GF(41),41,8,4,0.5,random_domain,False,0.2929,0.3167,0.5,0.3125,2,0.25,-0.042893,-0.066672,-0.25,1,nearcw,23.314,-0.10024,0.0509
GF(41),41,8,4,0.5,random_domain,False,0.2929,0.3167,0.5,0.3125,3,0.375,0.082107,0.058328,-0.125,4,deephole,,0.05065,4.5035
GF(41),41,8,4,0.5,random_domain,False,0.2929,0.3167,0.5,0.3125,4,0.5,0.207107,0.183328,0.0,70,deephole,,0.18333,231.9234
GF(41),41,8,4,0.5,random_domain,False,0.2929,0.3167,0.5,0.3125,5,0.625,0.332107,0.308328,0.125,2124,nearcw,,0.29899,7205.6081
GF(41),41,8,4,0.5,random_domain,False,0.2929,0.3167,0.5,0.3125,6,0.75,0.457107,0.433328,0.25,42686,deephole,,0.39644,130309.7535
GF(109),109,27,3,0.1111,smooth,True,0.6667,0.8148,0.8889,0.463,11,0.407407,-0.259259,-0.407343,-0.481481,1,nearcw,17.357,-0.33821,0.0
GF(109),109,27,3,0.1111,smooth,True,0.6667,0.8148,0.8889,0.463,12,0.444444,-0.222222,-0.370306,-0.444444,1,nearcw,20.25,-0.29889,0.0
GF(109),109,27,3,0.1111,smooth,True,0.6667,0.8148,0.8889,0.463,13,0.481481,-0.185185,-0.333269,-0.407407,1,nearcw,24.3,-0.26075,0.0
GF(109),109,27,3,0.1111,smooth,True,0.6667,0.8148,0.8889,0.463,14,0.518519,-0.148148,-0.296232,-0.37037,2,maxcluster,30.375,-0.22379,0.0
GF(109),109,27,3,0.1111,smooth,True,0.6667,0.8148,0.8889,0.463,15,0.555556,-0.111111,-0.259195,-0.333333,2,maxcluster,40.5,-0.18799,0.0
GF(109),109,27,3,0.1111,smooth,True,0.6667,0.8148,0.8889,0.463,16,0.592593,-0.074074,-0.222158,-0.296296,2,maxcluster,60.75,-0.15339,0.0
GF(109),109,27,3,0.1111,smooth,True,0.6667,0.8148,0.8889,0.463,17,0.62963,-0.037037,-0.185121,-0.259259,2,maxcluster,121.5,-0.11999,0.0
GF(109),109,27,3,0.1111,smooth,True,0.6667,0.8148,0.8889,0.463,18,0.666667,-0.0,-0.148084,-0.222222,3,kambire,,-0.08785,0.0
GF(109),109,27,3,0.1111,smooth,True,0.6667,0.8148,0.8889,0.463,19,0.703704,0.037037,-0.111047,-0.185185,3,kambire,,-0.05703,0.0007
GF(109),109,27,3,0.1111,smooth,True,0.6667,0.8148,0.8889,0.463,20,0.740741,0.074074,-0.07401,-0.148148,3,kambire,,-0.02762,0.0303
GF(109),109,27,3,0.1111,smooth,True,0.6667,0.8148,0.8889,0.463,21,0.777778,0.111111,-0.036973,-0.111111,3,kambire,,0.00027,1.0351
GF(109),109,27,3,0.1111,smooth,True,0.6667,0.8148,0.8889,0.463,22,0.814815,0.148148,6.4e-05,-0.074074,12,random,,0.02646,28.5601
GF(109),109,27,3,0.1111,smooth,True,0.6667,0.8148,0.8889,0.463,23,0.851852,0.185185,0.037101,-0.037037,189,deephole,,0.05071,615.6755
GF(109),109,27,3,0.1111,smooth,True,0.6667,0.8148,0.8889,0.463,24,0.888889,0.222222,0.074138,0.0,2925,deephole,,0.07261,9870.1158
GF(109),109,27,3,0.1111,smooth,True,0.6667,0.8148,0.8889,0.463,25,0.925926,0.259259,0.111175,0.037037,34352,nearcw,,0.0915,108048.6539
GF(109),109,27,3,0.1111,smooth,True,0.6667,0.8148,0.8889,0.463,26,0.962963,0.296296,0.148212,0.074074,285453,deephole,,0.10595,673435.9198
GF(109),109,27,3,0.1111,random_domain,True,0.6667,0.8148,0.8889,0.463,11,0.407407,-0.259259,-0.407343,-0.481481,1,nearcw,17.357,-0.33821,0.0
GF(109),109,27,3,0.1111,random_domain,True,0.6667,0.8148,0.8889,0.463,12,0.444444,-0.222222,-0.370306,-0.444444,1,nearcw,20.25,-0.29889,0.0
GF(109),109,27,3,0.1111,random_domain,True,0.6667,0.8148,0.8889,0.463,13,0.481481,-0.185185,-0.333269,-0.407407,2,maxcluster,24.3,-0.26075,0.0
GF(109),109,27,3,0.1111,random_domain,True,0.6667,0.8148,0.8889,0.463,14,0.518519,-0.148148,-0.296232,-0.37037,2,maxcluster,30.375,-0.22379,0.0
GF(109),109,27,3,0.1111,random_domain,True,0.6667,0.8148,0.8889,0.463,15,0.555556,-0.111111,-0.259195,-0.333333,2,maxcluster,40.5,-0.18799,0.0
GF(109),109,27,3,0.1111,random_domain,True,0.6667,0.8148,0.8889,0.463,16,0.592593,-0.074074,-0.222158,-0.296296,2,maxcluster,60.75,-0.15339,0.0
GF(109),109,27,3,0.1111,random_domain,True,0.6667,0.8148,0.8889,0.463,17,0.62963,-0.037037,-0.185121,-0.259259,2,maxcluster,121.5,-0.11999,0.0
GF(109),109,27,3,0.1111,random_domain,True,0.6667,0.8148,0.8889,0.463,18,0.666667,-0.0,-0.148084,-0.222222,2,maxcluster,,-0.08785,0.0
GF(109),109,27,3,0.1111,random_domain,True,0.6667,0.8148,0.8889,0.463,19,0.703704,0.037037,-0.111047,-0.185185,2,maxcluster,,-0.05703,0.0007
GF(109),109,27,3,0.1111,random_domain,True,0.6667,0.8148,0.8889,0.463,20,0.740741,0.074074,-0.07401,-0.148148,2,maxcluster,,-0.02762,0.0303
GF(109),109,27,3,0.1111,random_domain,True,0.6667,0.8148,0.8889,0.463,21,0.777778,0.111111,-0.036973,-0.111111,2,nearcw,,0.00027,1.0351
GF(109),109,27,3,0.1111,random_domain,True,0.6667,0.8148,0.8889,0.463,22,0.814815,0.148148,6.4e-05,-0.074074,11,random,,0.02646,28.5601
GF(109),109,27,3,0.1111,random_domain,True,0.6667,0.8148,0.8889,0.463,23,0.851852,0.185185,0.037101,-0.037037,157,deephole,,0.05071,615.6755
GF(109),109,27,3,0.1111,random_domain,True,0.6667,0.8148,0.8889,0.463,24,0.888889,0.222222,0.074138,0.0,2925,deephole,,0.07261,9870.1158
GF(109),109,27,3,0.1111,random_domain,True,0.6667,0.8148,0.8889,0.463,25,0.925926,0.259259,0.111175,0.037037,34368,nearcw,,0.0915,108048.6539
GF(109),109,27,3,0.1111,random_domain,True,0.6667,0.8148,0.8889,0.463,26,0.962963,0.296296,0.148212,0.074074,285453,deephole,,0.10595,673435.9198
GF(37),37,18,4,0.2222,smooth,True,0.5286,0.6328,0.7778,0.4167,6,0.333333,-0.195262,-0.299435,-0.444444,1,nearcw,11.523,-0.2707,0.0
GF(37),37,18,4,0.2222,smooth,True,0.5286,0.6328,0.7778,0.4167,7,0.388889,-0.139707,-0.243879,-0.388889,1,nearcw,16.105,-0.20678,0.0
GF(37),37,18,4,0.2222,smooth,True,0.5286,0.6328,0.7778,0.4167,8,0.444444,-0.084151,-0.188324,-0.333333,1,nearcw,26.738,-0.14646,0.0001
GF(37),37,18,4,0.2222,smooth,True,0.5286,0.6328,0.7778,0.4167,9,0.5,-0.028595,-0.132768,-0.277778,2,kambire,78.684,-0.08961,0.003
GF(37),37,18,4,0.2222,smooth,True,0.5286,0.6328,0.7778,0.4167,10,0.555556,0.02696,-0.077213,-0.222222,2,kambire,,-0.03619,0.0951
GF(37),37,18,4,0.2222,smooth,True,0.5286,0.6328,0.7778,0.4167,11,0.611111,0.082516,-0.021657,-0.166667,4,random,,0.01376,2.4457
GF(37),37,18,4,0.2222,smooth,True,0.5286,0.6328,0.7778,0.4167,12,0.666667,0.138071,0.033898,-0.111111,21,kambire,,0.06011,49.7312
GF(37),37,18,4,0.2222,smooth,True,0.5286,0.6328,0.7778,0.4167,13,0.722222,0.193627,0.089454,-0.055556,234,deephole,,0.10259,786.8643
GF(37),37,18,4,0.2222,smooth,True,0.5286,0.6328,0.7778,0.4167,14,0.777778,0.249182,0.14501,0.0,3060,deephole,,0.14079,9425.0465
GF(37),37,18,4,0.2222,smooth,True,0.5286,0.6328,0.7778,0.4167,15,0.833333,0.304738,0.200565,0.055556,23553,nearcw,,0.17401,81636.7706
GF(37),37,18,4,0.2222,smooth,True,0.5286,0.6328,0.7778,0.4167,16,0.888889,0.360293,0.256121,0.111111,158253,deephole,,0.20097,470913.622
GF(37),37,18,4,0.2222,random_domain,True,0.5286,0.6328,0.7778,0.4167,6,0.333333,-0.195262,-0.299435,-0.444444,1,nearcw,11.523,-0.2707,0.0
GF(37),37,18,4,0.2222,random_domain,True,0.5286,0.6328,0.7778,0.4167,7,0.388889,-0.139707,-0.243879,-0.388889,1,nearcw,16.105,-0.20678,0.0
GF(37),37,18,4,0.2222,random_domain,True,0.5286,0.6328,0.7778,0.4167,8,0.444444,-0.084151,-0.188324,-0.333333,1,nearcw,26.738,-0.14646,0.0001
GF(37),37,18,4,0.2222,random_domain,True,0.5286,0.6328,0.7778,0.4167,9,0.5,-0.028595,-0.132768,-0.277778,2,maxcluster,78.684,-0.08961,0.003
GF(37),37,18,4,0.2222,random_domain,True,0.5286,0.6328,0.7778,0.4167,10,0.555556,0.02696,-0.077213,-0.222222,2,maxcluster,,-0.03619,0.0951
GF(37),37,18,4,0.2222,random_domain,True,0.5286,0.6328,0.7778,0.4167,11,0.611111,0.082516,-0.021657,-0.166667,3,kambire,,0.01376,2.4457
GF(37),37,18,4,0.2222,random_domain,True,0.5286,0.6328,0.7778,0.4167,12,0.666667,0.138071,0.033898,-0.111111,19,random,,0.06011,49.7312
GF(37),37,18,4,0.2222,random_domain,True,0.5286,0.6328,0.7778,0.4167,13,0.722222,0.193627,0.089454,-0.055556,232,deephole,,0.10259,786.8643
GF(37),37,18,4,0.2222,random_domain,True,0.5286,0.6328,0.7778,0.4167,14,0.777778,0.249182,0.14501,0.0,3060,deephole,,0.14079,9425.0465
GF(37),37,18,4,0.2222,random_domain,True,0.5286,0.6328,0.7778,0.4167,15,0.833333,0.304738,0.200565,0.055556,23502,nearcw,,0.17401,81636.7706
GF(37),37,18,4,0.2222,random_domain,True,0.5286,0.6328,0.7778,0.4167,16,0.888889,0.360293,0.256121,0.111111,158253,deephole,,0.20097,470913.622
GF(127),127,21,3,0.1429,smooth,True,0.622,0.7727,0.8571,0.4524,8,0.380952,-0.241083,-0.391762,-0.47619,1,nearcw,14.518,-0.33963,0.0
GF(127),127,21,3,0.1429,smooth,True,0.622,0.7727,0.8571,0.4524,9,0.428571,-0.193464,-0.344143,-0.428571,1,nearcw,18.091,-0.2883,0.0
GF(127),127,21,3,0.1429,smooth,True,0.622,0.7727,0.8571,0.4524,10,0.47619,-0.145845,-0.296524,-0.380952,1,nearcw,23.998,-0.23888,0.0
GF(127),127,21,3,0.1429,smooth,True,0.622,0.7727,0.8571,0.4524,11,0.52381,-0.098226,-0.248905,-0.333333,2,maxcluster,35.632,-0.19133,0.0
GF(127),127,21,3,0.1429,smooth,True,0.622,0.7727,0.8571,0.4524,12,0.571429,-0.050607,-0.201286,-0.285714,2,maxcluster,69.16,-0.14567,0.0
GF(127),127,21,3,0.1429,smooth,True,0.622,0.7727,0.8571,0.4524,13,0.619048,-0.002988,-0.153667,-0.238095,2,maxcluster,1171.388,-0.10192,0.0
GF(127),127,21,3,0.1429,smooth,True,0.622,0.7727,0.8571,0.4524,14,0.666667,0.044631,-0.106048,-0.190476,3,kambire,,-0.06017,0.0022
GF(127),127,21,3,0.1429,smooth,True,0.622,0.7727,0.8571,0.4524,15,0.714286,0.09225,-0.058429,-0.142857,3,kambire,,-0.02052,0.124
GF(127),127,21,3,0.1429,smooth,True,0.622,0.7727,0.8571,0.4524,16,0.761905,0.139869,-0.01081,-0.095238,4,nearcw,,0.01682,5.5373
GF(127),127,21,3,0.1429,smooth,True,0.622,0.7727,0.8571,0.4524,17,0.809524,0.187488,0.036809,-0.047619,63,deephole,,0.05157,189.9179
GF(127),127,21,3,0.1429,smooth,True,0.622,0.7727,0.8571,0.4524,18,0.857143,0.235107,0.084428,-0.0,1330,deephole,,0.08326,4770.2283
GF(127),127,21,3,0.1429,smooth,True,0.622,0.7727,0.8571,0.4524,19,0.904762,0.282726,0.132047,0.047619,24882,nearcw,,0.11106,80686.3668
GF(127),127,21,3,0.1429,smooth,True,0.622,0.7727,0.8571,0.4524,20,0.952381,0.330345,0.179667,0.095238,313369,deephole,,0.1332,767271.7376
GF(127),127,21,3,0.1429,random_domain,True,0.622,0.7727,0.8571,0.4524,8,0.380952,-0.241083,-0.391762,-0.47619,1,nearcw,14.518,-0.33963,0.0
GF(127),127,21,3,0.1429,random_domain,True,0.622,0.7727,0.8571,0.4524,9,0.428571,-0.193464,-0.344143,-0.428571,1,nearcw,18.091,-0.2883,0.0
GF(127),127,21,3,0.1429,random_domain,True,0.622,0.7727,0.8571,0.4524,10,0.47619,-0.145845,-0.296524,-0.380952,1,nearcw,23.998,-0.23888,0.0
GF(127),127,21,3,0.1429,random_domain,True,0.622,0.7727,0.8571,0.4524,11,0.52381,-0.098226,-0.248905,-0.333333,2,maxcluster,35.632,-0.19133,0.0
GF(127),127,21,3,0.1429,random_domain,True,0.622,0.7727,0.8571,0.4524,12,0.571429,-0.050607,-0.201286,-0.285714,2,maxcluster,69.16,-0.14567,0.0
GF(127),127,21,3,0.1429,random_domain,True,0.622,0.7727,0.8571,0.4524,13,0.619048,-0.002988,-0.153667,-0.238095,2,maxcluster,1171.388,-0.10192,0.0
GF(127),127,21,3,0.1429,random_domain,True,0.622,0.7727,0.8571,0.4524,14,0.666667,0.044631,-0.106048,-0.190476,2,maxcluster,,-0.06017,0.0022
GF(127),127,21,3,0.1429,random_domain,True,0.622,0.7727,0.8571,0.4524,15,0.714286,0.09225,-0.058429,-0.142857,2,nearcw,,-0.02052,0.124
GF(127),127,21,3,0.1429,random_domain,True,0.622,0.7727,0.8571,0.4524,16,0.761905,0.139869,-0.01081,-0.095238,4,nearcw,,0.01682,5.5373
GF(127),127,21,3,0.1429,random_domain,True,0.622,0.7727,0.8571,0.4524,17,0.809524,0.187488,0.036809,-0.047619,55,random,,0.05157,189.9179
GF(127),127,21,3,0.1429,random_domain,True,0.622,0.7727,0.8571,0.4524,18,0.857143,0.235107,0.084428,-0.0,1330,deephole,,0.08326,4770.2283
GF(127),127,21,3,0.1429,random_domain,True,0.622,0.7727,0.8571,0.4524,19,0.904762,0.282726,0.132047,0.047619,24879,nearcw,,0.11106,80686.3668
GF(127),127,21,3,0.1429,random_domain,True,0.622,0.7727,0.8571,0.4524,20,0.952381,0.330345,0.179667,0.095238,313369,deephole,,0.1332,767271.7376
GF(37),37,36,4,0.1111,smooth,True,0.6667,0.7931,0.8889,0.4583,15,0.416667,-0.25,-0.37646,-0.472222,1,nearcw,18.0,-0.28729,0.0
GF(37),37,36,4,0.1111,smooth,True,0.6667,0.7931,0.8889,0.4583,16,0.444444,-0.222222,-0.348683,-0.444444,1,nearcw,20.25,-0.25757,0.0
GF(37),37,36,4,0.1111,smooth,True,0.6667,0.7931,0.8889,0.4583,17,0.472222,-0.194444,-0.320905,-0.416667,2,maxcluster,23.143,-0.22872,0.0
GF(37),37,36,4,0.1111,smooth,True,0.6667,0.7931,0.8889,0.4583,18,0.5,-0.166667,-0.293127,-0.388889,2,kambire,27.0,-0.20072,0.0
GF(37),37,36,4,0.1111,smooth,True,0.6667,0.7931,0.8889,0.4583,19,0.527778,-0.138889,-0.265349,-0.361111,2,kambire,32.4,-0.17358,0.0
GF(37),37,36,4,0.1111,smooth,True,0.6667,0.7931,0.8889,0.4583,20,0.555556,-0.111111,-0.237572,-0.333333,2,kambire,40.5,-0.1473,0.0
GF(37),37,36,4,0.1111,smooth,True,0.6667,0.7931,0.8889,0.4583,21,0.583333,-0.083333,-0.209794,-0.305556,2,kambire,54.0,-0.12189,0.0
GF(37),37,36,4,0.1111,smooth,True,0.6667,0.7931,0.8889,0.4583,22,0.611111,-0.055556,-0.182016,-0.277778,2,kambire,81.0,-0.09735,0.0
GF(37),37,36,4,0.1111,smooth,True,0.6667,0.7931,0.8889,0.4583,23,0.638889,-0.027778,-0.154238,-0.25,2,kambire,162.0,-0.07372,0.0001
GF(37),37,36,4,0.1111,smooth,True,0.6667,0.7931,0.8889,0.4583,24,0.666667,-0.0,-0.12646,-0.222222,3,kambire,,-0.05101,0.0013
GF(37),37,36,4,0.1111,smooth,True,0.6667,0.7931,0.8889,0.4583,25,0.694444,0.027778,-0.098683,-0.194444,3,kambire,,-0.02926,0.0223
GF(37),37,36,4,0.1111,smooth,True,0.6667,0.7931,0.8889,0.4583,26,0.722222,0.055556,-0.070905,-0.166667,3,kambire,,-0.00852,0.3304
GF(37),37,36,4,0.1111,smooth,True,0.6667,0.7931,0.8889,0.4583,27,0.75,0.083333,-0.043127,-0.138889,7,kambire,,0.01115,4.2619
GF(37),37,36,4,0.1111,smooth,True,0.6667,0.7931,0.8889,0.4583,28,0.777778,0.111111,-0.015349,-0.111111,36,kambire,,0.02968,47.398
GF(37),37,36,4,0.1111,smooth,True,0.6667,0.7931,0.8889,0.4583,29,0.805556,0.138889,0.012428,-0.083333,112,kambire,,0.04697,448.7239
GF(37),37,36,4,0.1111,smooth,True,0.6667,0.7931,0.8889,0.4583,30,0.833333,0.166667,0.040206,-0.055556,1416,deephole,,0.0629,3556.0244
GF(37),37,36,4,0.1111,smooth,True,0.6667,0.7931,0.8889,0.4583,31,0.861111,0.194444,0.067984,-0.027778,10188,deephole,,0.07728,23054.1891
GF(37),37,36,4,0.1111,smooth,True,0.6667,0.7931,0.8889,0.4583,32,0.888889,0.222222,0.095762,0.0,58905,deephole,,0.08986,118324.7541
GF(37),37,36,4,0.1111,smooth,True,0.6667,0.7931,0.8889,0.4583,33,0.916667,0.25,0.12354,0.027778,150312,nearcw,,0.10026,457186.7156
GF(37),37,36,4,0.1111,smooth,True,0.6667,0.7931,0.8889,0.4583,34,0.944444,0.277778,0.151317,0.055556,510825,deephole,,0.10781,1220047.4254
GF(37),37,36,4,0.1111,random_domain,True,0.6667,0.7931,0.8889,0.4583,15,0.416667,-0.25,-0.37646,-0.472222,1,nearcw,18.0,-0.28729,0.0
GF(37),37,36,4,0.1111,random_domain,True,0.6667,0.7931,0.8889,0.4583,16,0.444444,-0.222222,-0.348683,-0.444444,1,nearcw,20.25,-0.25757,0.0
GF(37),37,36,4,0.1111,random_domain,True,0.6667,0.7931,0.8889,0.4583,17,0.472222,-0.194444,-0.320905,-0.416667,1,nearcw,23.143,-0.22872,0.0
GF(37),37,36,4,0.1111,random_domain,True,0.6667,0.7931,0.8889,0.4583,18,0.5,-0.166667,-0.293127,-0.388889,2,kambire,27.0,-0.20072,0.0
GF(37),37,36,4,0.1111,random_domain,True,0.6667,0.7931,0.8889,0.4583,19,0.527778,-0.138889,-0.265349,-0.361111,2,kambire,32.4,-0.17358,0.0
GF(37),37,36,4,0.1111,random_domain,True,0.6667,0.7931,0.8889,0.4583,20,0.555556,-0.111111,-0.237572,-0.333333,2,kambire,40.5,-0.1473,0.0
GF(37),37,36,4,0.1111,random_domain,True,0.6667,0.7931,0.8889,0.4583,21,0.583333,-0.083333,-0.209794,-0.305556,2,kambire,54.0,-0.12189,0.0
GF(37),37,36,4,0.1111,random_domain,True,0.6667,0.7931,0.8889,0.4583,22,0.611111,-0.055556,-0.182016,-0.277778,2,kambire,81.0,-0.09735,0.0
GF(37),37,36,4,0.1111,random_domain,True,0.6667,0.7931,0.8889,0.4583,23,0.638889,-0.027778,-0.154238,-0.25,2,kambire,162.0,-0.07372,0.0001
GF(37),37,36,4,0.1111,random_domain,True,0.6667,0.7931,0.8889,0.4583,24,0.666667,-0.0,-0.12646,-0.222222,3,kambire,,-0.05101,0.0013
GF(37),37,36,4,0.1111,random_domain,True,0.6667,0.7931,0.8889,0.4583,25,0.694444,0.027778,-0.098683,-0.194444,3,kambire,,-0.02926,0.0223
GF(37),37,36,4,0.1111,random_domain,True,0.6667,0.7931,0.8889,0.4583,26,0.722222,0.055556,-0.070905,-0.166667,3,kambire,,-0.00852,0.3304
GF(37),37,36,4,0.1111,random_domain,True,0.6667,0.7931,0.8889,0.4583,27,0.75,0.083333,-0.043127,-0.138889,7,kambire,,0.01115,4.2619
GF(37),37,36,4,0.1111,random_domain,True,0.6667,0.7931,0.8889,0.4583,28,0.777778,0.111111,-0.015349,-0.111111,36,kambire,,0.02968,47.398
GF(37),37,36,4,0.1111,random_domain,True,0.6667,0.7931,0.8889,0.4583,29,0.805556,0.138889,0.012428,-0.083333,112,kambire,,0.04697,448.7239
GF(37),37,36,4,0.1111,random_domain,True,0.6667,0.7931,0.8889,0.4583,30,0.833333,0.166667,0.040206,-0.055556,1416,deephole,,0.0629,3556.0244
GF(37),37,36,4,0.1111,random_domain,True,0.6667,0.7931,0.8889,0.4583,31,0.861111,0.194444,0.067984,-0.027778,10188,deephole,,0.07728,23054.1891
GF(37),37,36,4,0.1111,random_domain,True,0.6667,0.7931,0.8889,0.4583,32,0.888889,0.222222,0.095762,0.0,58905,deephole,,0.08986,118324.7541
GF(37),37,36,4,0.1111,random_domain,True,0.6667,0.7931,0.8889,0.4583,33,0.916667,0.25,0.12354,0.027778,150321,nearcw,,0.10026,457186.7156
GF(37),37,36,4,0.1111,random_domain,True,0.6667,0.7931,0.8889,0.4583,34,0.944444,0.277778,0.151317,0.055556,510825,deephole,,0.10781,1220047.4254
